Question,Category,Codebase,Level,Number of Participant Sub-Questions,Root Questions,Root Categories,FFP Children,EFP Children,US Children,QGS Children,Tool Usage [%],Tool Usage,Duration,Dynamic Tool Usage [seconds],Static Tool Usage [seconds],Start [seconds],Start [%],Session Duration [seconds]
e8,US,Unfamiliar,1,0,,,0,0,0,0,1,D,44,44,0,75,0.0264457,2836
17,EFP,Unfamiliar,1,0,,,0,0,0,0,0.0819672,S,61,4.9999992,56.0000008,119,0.0419605,2836
3,FFP,Unfamiliar,1,3,,,0,3,0,0,0,S,96,0,96,180,0.0634697,2836
17,EFP,Unfamiliar,2,1,3,FFP,0,1,0,0,0,S,63,0,63,184,0.0648801,2836
15,EFP,Unfamiliar,3,0,3,FFP,0,0,0,0,0,S,23,0,23,224,0.0789845,2836
12,EFP,Unfamiliar,2,0,3,FFP,0,0,0,0,0,S,9,0,9,247,0.0870945,2836
3,FFP,Unfamiliar,1,29,,,1,19,5,4,0.2001944,s,1029,206.0000376,822.9999624,288,0.1015515,2836
17,EFP,Unfamiliar,2,0,3,FFP,0,0,0,0,0,S,24,0,24,288,0.1015515,2836
11,EFP,Unfamiliar,2,0,3,FFP,0,0,0,0,0,S,2,0,2,312,0.1100141,2836
6,EFP,Unfamiliar,2,0,3,FFP,0,0,0,0,0,S,32,0,32,328,0.1156559,2836
17,EFP,Unfamiliar,2,0,3,FFP,0,0,0,0,0,S,9,0,9,360,0.1269394,2836
6,EFP,Unfamiliar,2,0,3,FFP,0,0,0,0,0,S,7,0,7,369,0.1301128,2836
6,EFP,Unfamiliar,2,0,3,FFP,0,0,0,0,0,S,4,0,4,376,0.1325811,2836
17,EFP,Unfamiliar,2,0,3,FFP,0,0,0,0,0,S,52,0,52,380,0.1339915,2836
22,US,Unfamiliar,2,1,3,FFP,0,1,0,0,0.0064516,S,155,0.999998,154.000002,432,0.1523272,2836
6,EFP,Unfamiliar,3,0,3,FFP,0,0,0,0,0.0151515,S,66,0.999999,65.000001,521,0.1837094,2836
44,QGS,Unfamiliar,2,0,3,FFP,0,0,0,0,1,D,7,7,0,631,0.2224965,2836
34,QGS,Unfamiliar,2,0,3,FFP,0,0,0,0,1,D,24,24,0,638,0.2249647,2836
17,EFP,Unfamiliar,2,4,3,FFP,1,2,0,1,0.368932,s,206,75.999992,130.000008,662,0.2334274,2836
38,QGS,Unfamiliar,3,3,3,FFP,1,2,0,0,0.2261905,s,168,38.000004,129.999996,700,0.2468265,2836
8,EFP,Unfamiliar,4,0,3,FFP,0,0,0,0,0,S,8,0,8,774,0.2729196,2836
17,EFP,Unfamiliar,4,0,3,FFP,0,0,0,0,0,S,71,0,71,782,0.2757405,2836
3,FFP,Unfamiliar,4,0,3,FFP,0,0,0,0,0,S,15,0,15,853,0.3007757,2836
38,QGS,Unfamiliar,2,0,3,FFP,0,0,0,0,0,S,81,0,81,868,0.3060649,2836
12,EFP,Unfamiliar,2,0,3,FFP,0,0,0,0,0,S,15,0,15,949,0.3346262,2836
17,EFP,Unfamiliar,2,0,3,FFP,0,0,0,0,0,S,37,0,37,964,0.3399154,2836
23,US,Unfamiliar,2,0,3,FFP,0,0,0,0,0.4,s/d,30,12,18,1055,0.3720028,2836
23,US,Unfamiliar,2,0,3,FFP,0,0,0,0,0.55,s/d,20,11,9,1085,0.3825811,2836
25,US,Unfamiliar,2,7,3,FFP,0,6,1,0,0.2767857,s,112,30.9999984,81.0000016,1125,0.3966855,2836
27,US,Unfamiliar,3,0,3,FFP,0,0,0,0,1,D,2,2,0,1162,0.4097320,2836
e5,EFP,Unfamiliar,3,0,3,FFP,0,0,0,0,1,D,5,5,0,1164,0.4104372,2836
6,EFP,Unfamiliar,3,4,3,FFP,0,4,0,0,0.1176471,S,68,8.0000028,59.9999972,1169,0.4122003,2836
e5,EFP,Unfamiliar,4,0,3,FFP,0,0,0,0,0.5,s/d,16,8,8,1169,0.4122003,2836
17,EFP,Unfamiliar,4,0,3,FFP,0,0,0,0,0,S,15,0,15,1185,0.4178420,2836
7,EFP,Unfamiliar,4,0,3,FFP,0,0,0,0,0,S,10,0,10,1200,0.4231312,2836
17,EFP,Unfamiliar,4,0,3,FFP,0,0,0,0,0,S,27,0,27,1210,0.4266573,2836
42,QGS,Unfamiliar,1,0,,,0,0,0,0,0.7727273,d,22,17.0000006,4.9999994,1317,0.4643865,2836
25,US,Unfamiliar,1,12,,,0,3,7,2,0.4397032,s/d,539,237.0000248,301.9999752,1339,0.4721439,2836
17,EFP,Unfamiliar,2,0,25,US,0,0,0,0,0.0625,S,16,1,15,1339,0.4721439,2836
27,US,Unfamiliar,2,0,25,US,0,0,0,0,1,D,19,19,0,1355,0.4777856,2836
29,US,Unfamiliar,2,0,25,US,0,0,0,0,0.8,D,30,24,6,1374,0.4844852,2836
27,US,Unfamiliar,2,0,25,US,0,0,0,0,1,D,20,20,0,1404,0.4950635,2836
17,EFP,Unfamiliar,2,0,25,US,0,0,0,0,0.4038462,s/d,52,21.0000024,30.9999976,1441,0.5081100,2836
25,US,Unfamiliar,2,0,25,US,0,0,0,0,0.0185185,S,54,0.999999,53.000001,1507,0.5313822,2836
23,US,Unfamiliar,2,0,25,US,0,0,0,0,0.9444444,D,36,33.9999984,2.0000016,1561,0.5504231,2836
44,QGS,Unfamiliar,2,0,25,US,0,0,0,0,1,D,20,20,0,1661,0.5856841,2836
25,US,Unfamiliar,2,0,25,US,0,0,0,0,0.1774194,S,62,11.0000028,50.9999972,1681,0.5927362,2836
44,QGS,Unfamiliar,2,0,25,US,0,0,0,0,0.7272727,d,33,23.9999991,9.0000009,1743,0.6145980,2836
25,US,Unfamiliar,2,0,25,US,0,0,0,0,0.4736842,s/d,38,17.9999996,20.0000004,1776,0.6262341,2836
17,EFP,Unfamiliar,2,0,25,US,0,0,0,0,0.4736842,s/d,38,17.9999996,20.0000004,1776,0.6262341,2836
28,US,Unfamiliar,1,5,,,3,2,0,0,0.1857708,S,253,47.0000124,205.9999876,1878,0.6622003,2836
3,FFP,Unfamiliar,2,4,28,US,2,2,0,0,0,S,125,0,125,2006,0.7073343,2836
e4,EFP,Unfamiliar,3,0,28,US,0,0,0,0,0,S,28,0,28,2006,0.7073343,2836
15,EFP,Unfamiliar,3,2,28,US,2,0,0,0,0,S,97,0,97,2034,0.7172073,2836
3,FFP,Unfamiliar,4,0,28,US,0,0,0,0,0,S,75,0,75,2034,0.7172073,2836
3,FFP,Unfamiliar,4,0,28,US,0,0,0,0,0,S,22,0,22,2109,0.7436530,2836
28,US,Unfamiliar,1,5,,,0,3,1,1,0.3659574,s,705,257.999967,447.000033,2131,0.7514104,2836
34,QGS,Unfamiliar,2,0,28,US,0,0,0,0,0.3207547,s,53,16.9999991,36.0000009,2168,0.7644570,2836
e4,EFP,Unfamiliar,2,0,28,US,0,0,0,0,0.0857143,S,35,3.0000005,31.9999995,2221,0.7831453,2836
e5,EFP,Unfamiliar,2,0,28,US,0,0,0,0,0.5744681,s/d,47,27.0000007,19.9999993,2256,0.7954866,2836
14,EFP,Unfamiliar,2,0,28,US,0,0,0,0,1,D,19,19,0,2394,0.8441467,2836
28,US,Unfamiliar,2,0,28,US,0,0,0,0,1,D,33,33,0,2476,0.8730606,2836
e6,QGS,Familiar,1,0,,,0,0,0,0,0,S,25,0,25,150,0.0574273,2612
e6,QGS,Familiar,1,1,,,0,1,0,0,0,S,21,0,21,270,0.1033691,2612
12,EFP,Familiar,2,0,e6,QGS,0,0,0,0,0,S,11,0,11,270,0.1033691,2612
e7,QGS,Familiar,1,0,,,0,0,0,0,1,D,10,10,0,315,0.1205972,2612
27,US,Familiar,1,0,,,0,0,0,0,1,D,5,5,0,325,0.1244257,2612
e7,QGS,Familiar,1,0,,,0,0,0,0,1,D,4,4,0,373,0.1428025,2612
17,EFP,Familiar,1,0,,,0,0,0,0,0,S,7,0,7,390,0.1493109,2612
10,EFP,Familiar,1,0,,,0,0,0,0,0,S,3,0,3,397,0.1519908,2612
10,EFP,Familiar,1,0,,,0,0,0,0,0,S,8,0,8,400,0.1531394,2612
17,EFP,Familiar,1,0,,,0,0,0,0,0,S,14,0,14,408,0.1562021,2612
e2,EFP,Familiar,1,0,,,0,0,0,0,0,S,4,0,4,430,0.1646248,2612
17,EFP,Familiar,1,0,,,0,0,0,0,0,S,2,0,2,465,0.1780245,2612
e2,EFP,Familiar,1,0,,,0,0,0,0,0,S,2,0,2,475,0.1818530,2612
17,EFP,Familiar,1,0,,,0,0,0,0,0,S,2,0,2,545,0.2086524,2612
e2,EFP,Familiar,1,0,,,0,0,0,0,0,S,8,0,8,567,0.2170750,2612
17,EFP,Familiar,1,0,,,0,0,0,0,0,S,4,0,4,580,0.2220521,2612
e2,EFP,Familiar,1,0,,,0,0,0,0,0,S,31,0,31,584,0.2235835,2612
17,EFP,Familiar,1,0,,,0,0,0,0,0,S,7,0,7,627,0.2400459,2612
e7,QGS,Familiar,1,0,,,0,0,0,0,1,D,6,6,0,646,0.2473201,2612
e8,US,Familiar,1,0,,,0,0,0,0,1,D,7,7,0,652,0.2496172,2612
e7,QGS,Familiar,1,0,,,0,0,0,0,1,D,3,3,0,667,0.2553599,2612
e7,QGS,Familiar,1,0,,,0,0,0,0,1,D,15,15,0,675,0.2584227,2612
e7,QGS,Familiar,1,0,,,0,0,0,0,1,D,10,10,0,695,0.2660796,2612
17,EFP,Familiar,1,0,,,0,0,0,0,1,D,5,5,0,710,0.2718224,2612
17,EFP,Familiar,1,0,,,0,0,0,0,0.4,s/d,5,2,3,725,0.2775651,2612
e7,QGS,Familiar,1,0,,,0,0,0,0,1,D,5,5,0,750,0.2871363,2612
e8,US,Familiar,1,0,,,0,0,0,0,0.5263158,s/d,19,10.0000002,8.9999998,764,0.2924962,2612
17,EFP,Familiar,1,0,,,0,0,0,0,0,S,15,0,15,783,0.2997703,2612
e7,QGS,Familiar,1,0,,,0,0,0,0,1,D,2,2,0,800,0.3062787,2612
e8,US,Familiar,1,0,,,0,0,0,0,1,D,6,6,0,803,0.3074273,2612
e7,QGS,Familiar,1,0,,,0,0,0,0,1,D,6,6,0,809,0.3097243,2612
e7,QGS,Familiar,1,2,,,0,1,1,0,1,D,42,42,0,816,0.3124043,2612
27,US,Familiar,2,0,e7,QGS,0,0,0,0,1,D,3,3,0,855,0.3273354,2612
12,EFP,Familiar,2,0,e7,QGS,0,0,0,0,0,S,4,0,4,860,0.3292496,2612
e7,QGS,Familiar,1,0,,,0,0,0,0,1,D,6,6,0,873,0.3342266,2612
e8,US,Familiar,1,13,,,0,4,5,4,0.6964286,d,280,195.000008,84.999992,881,0.3372894,2612
27,US,Familiar,2,0,e8,US,0,0,0,0,0,S,3,0,3,860,0.3292496,2612
e8,US,Familiar,2,0,e8,US,0,0,0,0,1,D,4,4,0,930,0.3560490,2612
41,QGS,Familiar,2,0,e8,US,0,0,0,0,1,D,4,4,0,938,0.3591118,2612
17,EFP,Familiar,2,0,e8,US,0,0,0,0,1,D,3,3,0,962,0.3683002,2612
27,US,Familiar,2,0,e8,US,0,0,0,0,1,D,4,4,0,970,0.3713629,2612
e8,US,Familiar,2,0,e8,US,0,0,0,0,1,D,3,3,0,1035,0.3962481,2612
35,QGS,Familiar,2,0,e8,US,0,0,0,0,0,S,3,0,3,1054,0.4035222,2612
17,EFP,Familiar,2,0,e8,US,0,0,0,0,0,S,3,0,3,1070,0.4096478,2612
6,EFP,Familiar,2,0,e8,US,0,0,0,0,0,S,3,0,3,1104,0.4226646,2612
17,EFP,Familiar,2,0,e8,US,0,0,0,0,0,S,5,0,5,1110,0.4249617,2612
e7,QGS,Familiar,2,0,e8,US,0,0,0,0,1,D,3,3,0,1128,0.4318530,2612
e8,US,Familiar,2,0,e8,US,0,0,0,0,1,D,5,5,0,1131,0.4330015,2612
35,QGS,Familiar,2,0,e8,US,0,0,0,0,0,S,3,0,3,1150,0.4402757,2612
e7,QGS,Familiar,1,0,,,0,0,0,0,1,D,6,6,0,1154,0.4418070,2612
32,US,Familiar,1,0,,,0,0,0,0,1,D,3,3,0,1160,0.4441041,2612
e8,US,Familiar,1,0,,,0,0,0,0,1,D,10,10,0,1162,0.4448698,2612
e7,QGS,Familiar,1,0,,,0,0,0,0,1,D,3,3,0,1180,0.4517611,2612
e7,QGS,Familiar,1,0,,,0,0,0,0,1,D,5,5,0,1218,0.4663093,2612
38,QGS,Familiar,1,0,,,0,0,0,0,0,S,35,0,35,1230,0.4709035,2612
38,QGS,Familiar,1,0,,,0,0,0,0,0,S,5,0,5,1265,0.4843032,2612
e7,QGS,Familiar,1,0,,,0,0,0,0,1,D,7,7,0,1315,0.5034456,2612
e8,US,Familiar,1,1,,,0,1,0,0,0.4285714,s/d,7,2.9999998,4.0000002,1323,0.5065084,2612
17,EFP,Familiar,2,0,e8,US,0,0,0,0,0.4285714,s/d,7,2.9999998,4.0000002,1323,0.5065084,2612
e7,QGS,Familiar,1,0,,,0,0,0,0,1,D,3,3,0,1345,0.5149311,2612
e7,QGS,Familiar,1,0,,,0,0,0,0,1,D,5,5,0,1351,0.5172282,2612
e8,US,Familiar,1,0,,,0,0,0,0,1,D,35,35,0,1370,0.5245023,2612
35,QGS,Familiar,1,0,,,0,0,0,0,0,S,4,0,4,1420,0.5436447,2612
38,QGS,Familiar,1,0,,,0,0,0,0,0,S,8,0,8,1435,0.5493874,2612
e7,QGS,Familiar,1,0,,,0,0,0,0,1,D,6,6,0,1500,0.5742726,2612
34,QGS,Familiar,1,0,,,0,0,0,0,0,S,9,0,9,1506,0.5765697,2612
35,QGS,Familiar,1,0,,,0,0,0,0,0,S,3,0,3,1519,0.5815467,2612
9,EFP,Familiar,1,0,,,0,0,0,0,0,S,24,0,24,1545,0.5915008,2612
34,QGS,Familiar,1,4,,,0,2,0,2,0.8670213,D,188,163.0000044,24.9999956,1570,0.6010720,2612
41,QGS,Familiar,2,2,34,QGS,0,2,0,0,0,S,15,0,15,1647,0.6305513,2612
17,EFP,Familiar,3,0,34,QGS,0,0,0,0,0,S,6,0,6,1647,0.6305513,2612
6,EFP,Familiar,3,0,34,QGS,0,0,0,0,0,S,9,0,9,1653,0.6328484,2612
34,QGS,Familiar,2,0,34,QGS,0,0,0,0,1,D,67,67,0,1670,0.6393568,2612
41,QGS,Familiar,1,0,,,0,0,0,0,0,S,10,0,10,1780,0.6814701,2612
6,EFP,Familiar,1,0,,,0,0,0,0,0,S,9,0,9,1800,0.6891271,2612
17,EFP,Familiar,1,0,,,0,0,0,0,0,S,3,0,3,1816,0.6952527,2612
42,QGS,Familiar,1,0,,,0,0,0,0,0,S,6,0,6,1822,0.6975498,2612
17,EFP,Familiar,1,0,,,0,0,0,0,1,D,4,4,0,1835,0.7025268,2612
35,QGS,Familiar,1,0,,,0,0,0,0,0,S,10,0,10,1840,0.7044410,2612
17,EFP,Familiar,1,0,,,0,0,0,0,1,D,16,16,0,1863,0.7132466,2612
41,QGS,Familiar,1,0,,,0,0,0,0,1,D,9,9,0,1879,0.7193721,2612
34,QGS,Familiar,1,1,,,0,1,0,0,1,D,212,212,0,1888,0.7228178,2612
17,EFP,Familiar,2,0,34,QGS,0,0,0,0,1,D,7,7,0,2000,0.7656968,2612
34,QGS,Familiar,1,0,,,0,0,0,0,1,D,30,30,0,2185,0.8365237,2612
e7,QGS,Familiar,1,0,,,0,0,0,0,1,D,23,23,0,2300,0.8805513,2612
38,QGS,Familiar,1,0,,,0,0,0,0,0,S,25,0,25,2330,0.8920368,2612
e8,US,Familiar,1,0,,,0,0,0,0,0,S,6,0,6,2467,0.9444870,2612
e7,QGS,Familiar,1,0,,,0,0,0,0,1,D,17,17,0,2510,0.9609495,2612
38,QGS,Familiar,1,1,,,1,0,0,0,0,S,78,0,78,350,0.1179245,2968
1,FFP,Familiar,2,0,38,QGS,0,0,0,0,0,S,62,0,62,366,0.1233154,2968
17,EFP,Familiar,1,0,,,0,0,0,0,0,S,35,0,35,555,0.1869946,2968
23,US,Familiar,1,0,,,0,0,0,0,0,S,12,0,12,664,0.2237197,2968
17,EFP,Familiar,1,0,,,0,0,0,0,0,S,29,0,29,676,0.2277628,2968
e2,EFP,Familiar,1,0,,,0,0,0,0,0,S,2,0,2,740,0.2493261,2968
e3,EFP,Familiar,1,0,,,0,0,0,0,0,S,3,0,3,795,0.2678571,2968
42,QGS,Familiar,1,0,,,0,0,0,0,0,S,5,0,5,970,0.3268194,2968
e3,EFP,Familiar,1,0,,,0,0,0,0,0,S,6,0,6,977,0.3291779,2968
12,EFP,Familiar,1,0,,,0,0,0,0,0,S,28,0,28,1047,0.3527628,2968
27,US,Familiar,1,0,,,0,0,0,0,1,D,7,7,0,1088,0.3665768,2968
42,QGS,Familiar,1,1,,,0,1,0,0,0.6774194,d,62,42.0000028,19.9999972,1096,0.3692722,2968
20,EFP,Familiar,2,0,42,QGS,0,0,0,0,0.375,s,8,3,5,1137,0.3830863,2968
17,EFP,Familiar,1,0,,,0,0,0,0,0,S,13,0,13,1167,0.3931941,2968
42,QGS,Familiar,1,0,,,0,0,0,0,0,S,8,0,8,1185,0.3992588,2968
12,EFP,Familiar,1,0,,,0,0,0,0,0,S,5,0,5,1193,0.4019542,2968
17,EFP,Familiar,1,0,,,0,0,0,0,0,S,25,0,25,1198,0.4036388,2968
42,QGS,Familiar,1,0,,,0,0,0,0,0,S,5,0,5,1230,0.4144205,2968
12,EFP,Familiar,1,0,,,0,0,0,0,0,S,5,0,5,1235,0.4161051,2968
17,EFP,Familiar,1,0,,,0,0,0,0,0,S,8,0,8,1240,0.4177898,2968
12,EFP,Familiar,1,0,,,0,0,0,0,0,S,5,0,5,1257,0.4235175,2968
12,EFP,Familiar,1,0,,,0,0,0,0,0,S,10,0,10,1262,0.4252022,2968
17,EFP,Familiar,1,0,,,0,0,0,0,0,S,21,0,21,1272,0.4285714,2968
42,QGS,Familiar,1,1,,,0,1,0,0,0,S,58,0,58,1312,0.4420485,2968
12,EFP,Familiar,2,0,42,QGS,0,0,0,0,0,S,44,0,44,1326,0.4467655,2968
12,EFP,Familiar,1,0,,,0,0,0,0,0,S,3,0,3,1370,0.4615903,2968
42,QGS,Familiar,1,0,,,0,0,0,0,0.992,D,125,124,1,1410,0.4750674,2968
38,QGS,Familiar,1,0,,,0,0,0,0,1,D,35,35,0,1535,0.5171833,2968
42,QGS,Familiar,1,1,,,0,1,0,0,1,D,48,48,0,1580,0.5323450,2968
17,EFP,Familiar,2,0,42,QGS,0,0,0,0,1,D,5,5,0,1608,0.5417790,2968
38,QGS,Familiar,1,0,,,0,0,0,0,0,S,74,0,74,1825,0.6148922,2968
42,QGS,Familiar,1,0,,,0,0,0,0,1,D,20,20,0,1940,0.6536388,2968
e8,US,Familiar,1,9,,,0,4,4,1,0.3155556,s,225,71.00001,153.99999,1960,0.6603774,2968
27,US,Familiar,2,0,e8,US,0,0,0,0,1,D,10,10,0,1980,0.6671159,2968
31,US,Familiar,2,0,e8,US,0,0,0,0,0.6666667,d,18,12.0000006,5.9999994,1995,0.6721698,2968
30,US,Familiar,2,6,e8,US,0,4,1,1,0.1569767,S,172,26.9999924,145.0000076,2013,0.6782345,2968
17,EFP,Familiar,3,0,e8,US,0,0,0,0,0,S,27,0,27,2040,0.6873315,2968
e2,EFP,Familiar,3,0,e8,US,0,0,0,0,0,S,13,0,13,2070,0.6974394,2968
31,US,Familiar,3,0,e8,US,0,0,0,0,1,D,3,3,0,2096,0.7061995,2968
17,EFP,Familiar,3,0,e8,US,0,0,0,0,0,S,18,0,18,2120,0.7142857,2968
17,EFP,Familiar,3,0,e8,US,0,0,0,0,0,S,7,0,7,2138,0.7203504,2968
35,QGS,Familiar,3,0,e8,US,0,0,0,0,0,S,36,0,36,2149,0.7240566,2968
6,EFP,Familiar,1,0,,,0,0,0,0,0.0588235,S,17,0.9999995,16.0000005,2220,0.7479784,2968
42,QGS,Familiar,1,0,,,0,0,0,0,1,D,24,24,0,2237,0.7537062,2968
17,EFP,Familiar,1,0,,,0,0,0,0,0,S,8,0,8,2470,0.8322102,2968
38,QGS,Familiar,1,1,,,1,0,0,0,0,S,30,0,30,2555,0.8608491,2968
4,FFP,Familiar,2,0,38,QGS,0,0,0,0,0,S,25,0,25,2560,0.8625337,2968
e2,EFP,Familiar,1,1,,,0,1,0,0,0,S,48,0,48,2602,0.8766846,2968
17,EFP,Familiar,2,0,e2,EFP,0,0,0,0,0,S,12,0,12,2630,0.8861186,2968
38,QGS,Familiar,1,2,,,0,2,0,0,0,S,74,0,74,2695,0.9080189,2968
17,EFP,Familiar,2,0,38,QGS,0,0,0,0,0,S,25,0,25,2735,0.9214960,2968
17,EFP,Familiar,2,0,38,QGS,0,0,0,0,0,S,9,0,9,2760,0.9299191,2968
38,QGS,Familiar,1,0,,,0,0,0,0,0,S,32,0,32,2793,0.9410377,2968
17,EFP,Familiar,1,0,,,0,0,0,0,0,S,6,0,6,2833,0.9545148,2968
42,QGS,Familiar,1,2,,,1,0,1,0,0.9583333,D,48,45.9999984,2.0000016,2867,0.9659704,2968
5,FFP,Familiar,2,0,42,QGS,0,0,0,0,1,D,17,17,0,2880,0.9703504,2968
e8,US,Familiar,2,0,42,QGS,0,0,0,0,1,D,7,7,0,2903,0.9780997,2968
42,QGS,Familiar,1,0,,,0,0,0,0,0.8571429,D,7,6.0000003,0.9999997,2944,0.9919137,2968
25,US,Unfamiliar,1,40,,,2,28,9,1,0.0474041,S,1480,70.158068,1409.841932,115,0.0427509,2690
25,US,Unfamiliar,2,0,25,US,0,0,0,0,1,D,32,32,0,115,0.0427509,2690
6,EFP,Unfamiliar,2,2,25,US,1,1,0,0,0.015873,S,63,0.999999,62.000001,147,0.0546468,2690
18,EFP,Unfamiliar,3,0,25,US,0,0,0,0,0,S,3,0,3,160,0.0594796,2690
3,FFP,Unfamiliar,3,0,25,US,0,0,0,0,0,S,10,0,10,200,0.0743494,2690
15,EFP,Unfamiliar,2,35,25,US,1,25,8,1,0.0243112,S,1385,33.671012,1351.328988,210,0.0780669,2690
17,EFP,Unfamiliar,3,6,25,US,0,6,0,0,0.1165049,S,103,12.0000047,90.9999953,215,0.0799257,2690
e4,EFP,Unfamiliar,4,5,25,US,0,5,0,0,0.1363636,S,88,11.9999968,76.0000032,230,0.0855019,2690
e5,EFP,Unfamiliar,5,0,25,US,0,0,0,0,1,D,11,11,0,274,0.1018587,2690
6,EFP,Unfamiliar,5,0,25,US,0,0,0,0,0,S,9,0,9,285,0.1059480,2690
e1,EFP,Unfamiliar,5,2,25,US,0,2,0,0,0,S,57,0,57,294,0.1092937,2690
8,EFP,Unfamiliar,6,0,25,US,0,0,0,0,0,S,2,0,2,297,0.1104089,2690
8,EFP,Unfamiliar,6,0,25,US,0,0,0,0,0,S,1,0,1,299,0.1111524,2690
e5,EFP,Unfamiliar,3,0,25,US,0,0,0,0,0,S,38,0,38,318,0.1182156,2690
17,EFP,Unfamiliar,3,4,25,US,0,2,2,0,0,S,15,0,15,356,0.1323420,2690
23,US,Unfamiliar,4,3,25,US,0,2,1,0,0,S,65,0,65,580,0.2156134,2690
17,EFP,Unfamiliar,5,0,25,US,0,0,0,0,0,S,35,0,35,580,0.2156134,2690
6,EFP,Unfamiliar,5,0,25,US,0,0,0,0,0,S,15,0,15,615,0.2286245,2690
25,US,Unfamiliar,5,0,25,US,0,0,0,0,0,S,15,0,15,630,0.2342007,2690
22,US,Unfamiliar,3,1,25,US,0,1,0,0,0,S,20,0,20,645,0.2397770,2690
8,EFP,Unfamiliar,4,0,25,US,0,0,0,0,0,S,10,0,10,655,0.2434944,2690
25,US,Unfamiliar,3,5,25,US,1,4,0,0,0.0495868,S,363,18.0000084,344.9999916,665,0.2472119,2690
15,EFP,Unfamiliar,4,3,25,US,0,3,0,0,0,S,40,0,40,730,0.2713755,2690
12,EFP,Unfamiliar,5,0,25,US,0,0,0,0,0,S,50,0,50,770,0.2862454,2690
15,EFP,Unfamiliar,5,1,25,US,0,1,0,0,0,S,45,0,45,839,0.3118959,2690
17,EFP,Unfamiliar,6,0,25,US,0,0,0,0,0,S,4,0,4,845,0.3141264,2690
3,FFP,Unfamiliar,4,0,25,US,0,0,0,0,0,S,78,0,78,935,0.3475836,2690
23,US,Unfamiliar,3,0,25,US,0,0,0,0,0,S,39,0,39,1030,0.3828996,2690
12,EFP,Unfamiliar,3,2,25,US,0,1,1,0,0,S,57,0,57,1090,0.4052045,2690
21,US,Unfamiliar,4,1,25,US,0,1,0,0,0,S,180,0,180,1135,0.4219331,2690
11,EFP,Unfamiliar,5,0,25,US,0,0,0,0,0,S,25,0,25,1210,0.4498141,2690
13,EFP,Unfamiliar,3,2,25,US,0,1,1,0,0,S,40,0,40,1325,0.4925651,2690
12,EFP,Unfamiliar,4,1,25,US,0,0,1,0,0,S,15,0,15,1350,0.5018587,2690
23,US,Unfamiliar,5,0,25,US,0,0,0,0,0,S,10,0,10,1355,0.5037175,2690
21,US,Unfamiliar,3,2,25,US,0,2,0,0,0,S,115,0,115,1370,0.5092937,2690
12,EFP,Unfamiliar,4,1,25,US,0,1,0,0,0,S,55,0,55,1370,0.5092937,2690
17,EFP,Unfamiliar,5,0,25,US,0,0,0,0,0,S,35,0,35,1390,0.5167286,2690
34,QGS,Unfamiliar,3,3,25,US,0,3,0,0,0,S,172,0,172,1423,0.5289963,2690
17,EFP,Unfamiliar,4,0,25,US,0,0,0,0,0,S,172,0,172,1423,0.5289963,2690
17,EFP,Unfamiliar,4,0,25,US,0,0,0,0,0,S,16,0,16,1484,0.5516729,2690
6,EFP,Unfamiliar,4,0,25,US,0,0,0,0,0,S,95,0,95,1500,0.5576208,2690
5,FFP,Unfamiliar,1,1,,,0,0,1,0,0,S,205,0,205,1595,0.5929368,2690
25,US,Unfamiliar,2,0,5,FFP,0,0,0,0,0,S,78,0,78,1655,0.6152416,2690
12,EFP,Unfamiliar,1,0,,,0,0,0,0,0,S,12,0,12,1800,0.6691450,2690
25,US,Unfamiliar,1,0,,,0,0,0,0,0,S,614,0,614,1212,0.4505576,2690
6,EFP,Unfamiliar,1,0,,,0,0,0,0,0,S,11,0,11,1826,0.6788104,2690
5,FFP,Unfamiliar,1,0,,,0,0,0,0,0,S,33,0,33,1837,0.6828996,2690
38,QGS,Unfamiliar,1,23,,,4,12,6,1,0.147561,S,820,121.00002,698.99998,1870,0.6951673,2690
4,FFP,Unfamiliar,2,1,38,QGS,1,0,0,0,0,S,89,0,89,1881,0.6992565,2690
5,FFP,Unfamiliar,3,0,38,QGS,0,0,0,0,0,S,37,0,37,1905,0.7081784,2690
18,EFP,Unfamiliar,2,0,38,QGS,0,0,0,0,0.9,D,10,9,1,2050,0.7620818,2690
27,US,Unfamiliar,2,0,38,QGS,0,0,0,0,1,D,13,13,0,2060,0.7657993,2690
34,QGS,Unfamiliar,2,0,38,QGS,0,0,0,0,1,D,7,7,0,2085,0.7750929,2690
18,EFP,Unfamiliar,2,0,38,QGS,0,0,0,0,1,D,27,27,0,2093,0.7780669,2690
6,EFP,Unfamiliar,2,0,38,QGS,0,0,0,0,0,S,20,0,20,2260,0.8401487,2690
23,US,Unfamiliar,2,2,38,QGS,0,1,1,0,0.4588235,s/d,85,38.9999975,46.0000025,2280,0.8475836,2690
6,EFP,Unfamiliar,3,1,38,QGS,0,0,1,0,0.3571429,s,70,25.000003,44.999997,2295,0.8531599,2690
27,US,Unfamiliar,4,0,38,QGS,0,0,0,0,1,D,24,24,0,2324,0.8639405,2690
23,US,Unfamiliar,2,1,38,QGS,0,0,1,0,0,S,129,0,129,2365,0.8791822,2690
23,US,Unfamiliar,3,0,38,QGS,0,0,0,0,0,S,24,0,24,2470,0.9182156,2690
21,US,Unfamiliar,2,7,38,QGS,1,6,0,0,0,S,124,0,124,2494,0.9271375,2690
12,EFP,Unfamiliar,3,0,38,QGS,0,0,0,0,0,S,13,0,13,2512,0.9338290,2690
6,EFP,Unfamiliar,3,0,38,QGS,0,0,0,0,0,S,15,0,15,2525,0.9386617,2690
12,EFP,Unfamiliar,3,0,38,QGS,0,0,0,0,0,S,10,0,10,2540,0.9442379,2690
6,EFP,Unfamiliar,3,0,38,QGS,0,0,0,0,0,S,10,0,10,2550,0.9479554,2690
3,FFP,Unfamiliar,3,0,38,QGS,0,0,0,0,0,S,12,0,12,2560,0.9516729,2690
6,EFP,Unfamiliar,3,0,38,QGS,0,0,0,0,0,S,30,0,30,2572,0.9561338,2690
17,EFP,Unfamiliar,3,0,38,QGS,0,0,0,0,0,S,16,0,16,2602,0.9672862,2690
11,EFP,Unfamiliar,2,0,38,QGS,0,0,0,0,0,S,20,0,20,2618,0.9732342,2690
5,FFP,Unfamiliar,2,0,38,QGS,0,0,0,0,0,S,20,0,20,2638,0.9806691,2690
6,EFP,Unfamiliar,2,0,38,QGS,0,0,0,0,0,S,32,0,32,2658,0.9881041,2690
e8,US,Unfamiliar,1,0,,,0,0,0,0,1,D,12,12,0,133,0.0457831,2905
17,EFP,Unfamiliar,1,0,,,0,0,0,0,0,S,6,0,6,154,0.0530120,2905
6,EFP,Unfamiliar,1,0,,,0,0,0,0,0,S,10,0,10,160,0.0550775,2905
17,EFP,Unfamiliar,1,6,,,0,3,1,2,0.0772727,S,220,16.999994,203.000006,170,0.0585198,2905
15,EFP,Unfamiliar,2,0,17,EFP,0,0,0,0,0,S,13,0,13,182,0.0626506,2905
34,QGS,Unfamiliar,2,0,17,EFP,0,0,0,0,0.68,d,25,17,8,195,0.0671256,2905
38,QGS,Unfamiliar,2,0,17,EFP,0,0,0,0,0,S,31,0,31,220,0.0757315,2905
23,US,Unfamiliar,2,2,17,EFP,0,2,0,0,0,S,97,0,97,293,0.1008606,2905
17,EFP,Unfamiliar,3,0,17,EFP,0,0,0,0,0,S,11,0,11,305,0.1049914,2905
17,EFP,Unfamiliar,3,0,17,EFP,0,0,0,0,0,S,74,0,74,316,0.1087780,2905
23,US,Unfamiliar,1,6,,,0,4,2,0,0.2795699,s,93,26.0000007,66.9999993,395,0.1359725,2905
17,EFP,Unfamiliar,2,0,23,US,0,0,0,0,0,S,5,0,5,399,0.1373494,2905
25,US,Unfamiliar,2,4,23,US,0,3,1,0,0,S,21,0,21,404,0.1390706,2905
17,EFP,Unfamiliar,3,0,23,US,0,0,0,0,0,S,5,0,5,415,0.1428571,2905
20,EFP,Unfamiliar,3,0,23,US,0,0,0,0,0,S,5,0,5,420,0.1445783,2905
17,EFP,Unfamiliar,3,1,23,US,0,0,1,0,0.4126984,s/d,63,25.9999992,37.0000008,425,0.1462995,2905
25,US,Unfamiliar,4,0,23,US,0,0,0,0,0,S,17,0,17,435,0.1497418,2905
1,FFP,Unfamiliar,1,6,,,0,3,1,2,0,S,287,0,287,488,0.1679862,2905
e5,EFP,Unfamiliar,2,1,1,FFP,0,1,0,0,0,S,17,0,17,535,0.1841652,2905
17,EFP,Unfamiliar,3,0,1,FFP,0,0,0,0,0,S,6,0,6,546,0.1879518,2905
23,US,Unfamiliar,2,0,1,FFP,0,0,0,0,0,S,20,0,20,640,0.2203098,2905
42,QGS,Unfamiliar,2,0,1,FFP,0,0,0,0,0,S,28,0,28,660,0.2271945,2905
38,QGS,Unfamiliar,2,1,1,FFP,0,1,0,0,0,S,87,0,87,688,0.2368330,2905
17,EFP,Unfamiliar,3,0,1,FFP,0,0,0,0,0,S,3,0,3,758,0.2609294,2905
44,QGS,Unfamiliar,1,0,,,0,0,0,0,0.9090909,D,11,9.9999999,1.0000001,775,0.2667814,2905
32,US,Unfamiliar,1,0,,,0,0,0,0,1,D,39,39,0,786,0.2705680,2905
17,EFP,Unfamiliar,1,0,,,0,0,0,0,0.173913,S,23,3.999999,19.000001,825,0.2839931,2905
44,QGS,Unfamiliar,1,0,,,0,0,0,0,0.9777778,D,45,44.000001,0.999998999999995,848,0.2919105,2905
3,FFP,Unfamiliar,1,0,,,0,0,0,0,0,S,15,0,15,893,0.3074010,2905
23,US,Unfamiliar,1,1,,,0,1,0,0,0,S,56,0,56,908,0.3125645,2905
11,EFP,Unfamiliar,2,0,23,US,0,0,0,0,0,S,56,0,56,908,0.3125645,2905
38,QGS,Unfamiliar,1,4,,,0,0,1,3,0.0559441,S,143,8.0000063,134.9999937,964,0.3318417,2905
22,US,Unfamiliar,2,2,38,QGS,0,0,0,2,0.1166667,S,60,7.000002,52.999998,978,0.3366609,2905
42,QGS,Unfamiliar,3,1,38,QGS,0,0,0,1,0.2,s,35,7,28,1003,0.3452668,2905
34,QGS,Unfamiliar,4,0,38,QGS,0,0,0,0,0.875,D,8,7,1,1030,0.3545611,2905
42,QGS,Unfamiliar,2,0,38,QGS,0,0,0,0,0,S,27,0,27,1080,0.3717728,2905
18,EFP,Unfamiliar,1,0,,,0,0,0,0,0,S,7,0,7,1131,0.3893287,2905
44,QGS,Unfamiliar,1,2,,,0,0,0,2,1,D,88,88,0,1162,0.4000000,2905
43,QGS,Unfamiliar,2,0,44,QGS,0,0,0,0,1,D,18,18,0,1202,0.4137694,2905
44,QGS,Unfamiliar,2,0,44,QGS,0,0,0,0,1,D,30,30,0,1220,0.4199656,2905
3,FFP,Unfamiliar,1,0,,,0,0,0,0,0,S,10,0,10,1270,0.4371773,2905
23,US,Unfamiliar,1,0,,,0,0,0,0,0,S,25,0,25,1270,0.4371773,2905
38,QGS,Unfamiliar,1,0,,,0,0,0,0,0,S,110,0,110,1295,0.4457831,2905
44,QGS,Unfamiliar,1,0,,,0,0,0,0,1,D,5,5,0,1405,0.4836489,2905
e8,US,Unfamiliar,1,3,,,1,2,0,0,0.7804878,d,41,31.9999998,9.0000002,1410,0.4853701,2905
3,FFP,Unfamiliar,2,0,e8,US,0,0,0,0,1,D,23,23,0,1410,0.4853701,2905
19,EFP,Unfamiliar,2,0,e8,US,0,0,0,0,1,D,3,3,0,1433,0.4932874,2905
17,EFP,Unfamiliar,2,0,e8,US,0,0,0,0,0.4,s/d,15,6,9,1436,0.4943201,2905
17,EFP,Unfamiliar,1,0,,,0,0,0,0,0,S,18,0,18,1451,0.4994836,2905
44,QGS,Unfamiliar,1,0,,,0,0,0,0,0.8125,D,16,13,3,1469,0.5056799,2905
23,US,Unfamiliar,1,1,,,0,0,0,1,0.1185185,S,135,15.9999975,119.0000025,1485,0.5111876,2905
44,QGS,Unfamiliar,2,0,23,US,0,0,0,0,1,D,15,15,0,1605,0.5524957,2905
25,US,Unfamiliar,1,0,,,0,0,0,0,1,D,38,38,0,1680,0.5783133,2905
25,US,Unfamiliar,1,0,,,0,0,0,0,1,D,25,25,0,1718,0.5913941,2905
e8,US,Unfamiliar,1,6,,,0,6,0,0,0.0860927,S,151,12.9999977,138.0000023,1743,0.6000000,2905
11,EFP,Unfamiliar,2,0,e8,US,0,0,0,0,0,S,10,0,10,1755,0.6041308,2905
17,EFP,Unfamiliar,2,0,e8,US,0,0,0,0,0,S,29,0,29,1765,0.6075731,2905
17,EFP,Unfamiliar,2,0,e8,US,0,0,0,0,0,S,36,0,36,1794,0.6175559,2905
17,EFP,Unfamiliar,2,2,e8,US,0,2,0,0,0.015625,S,64,1,63,1830,0.6299484,2905
15,EFP,Unfamiliar,3,0,e8,US,0,0,0,0,0,S,6,0,6,1865,0.6419966,2905
20,EFP,Unfamiliar,3,0,e8,US,0,0,0,0,0.0434783,S,23,1.0000009,21.9999991,1871,0.6440620,2905
e8,US,Unfamiliar,1,3,,,0,1,2,0,1,D,167,167,0,1894,0.6519793,2905
27,US,Unfamiliar,2,0,e8,US,0,0,0,0,1,D,21,21,0,1934,0.6657487,2905
e8,US,Unfamiliar,2,1,e8,US,0,1,0,0,1,D,21,21,0,2040,0.7022375,2905
19,EFP,Unfamiliar,3,0,e8,US,0,0,0,0,1,D,7,7,0,2045,0.7039587,2905
36,QGS,Unfamiliar,1,0,,,0,0,0,0,0,S,19,0,19,2061,0.7094664,2905
12,EFP,Unfamiliar,1,0,,,0,0,0,0,0,S,8,0,8,2080,0.7160069,2905
4,FFP,Unfamiliar,1,3,,,0,1,2,0,0.2230216,s,139,31.0000024,107.9999976,2088,0.7187608,2905
25,US,Unfamiliar,2,0,4,FFP,0,0,0,0,0.88,D,25,22,3,2103,0.7239243,2905
25,US,Unfamiliar,2,0,4,FFP,0,0,0,0,0.75,d,12,9,3,2143,0.7376936,2905
17,EFP,Unfamiliar,2,0,4,FFP,0,0,0,0,0,S,26,0,26,2175,0.7487091,2905
11,EFP,Unfamiliar,1,0,,,0,0,0,0,0,S,7,0,7,2227,0.7666093,2905
31,US,Unfamiliar,1,0,,,0,0,0,0,1,D,4,4,0,2244,0.7724613,2905
38,QGS,Unfamiliar,1,21,,,0,9,7,5,0.9580745,D,644,616.999978,27.0000219999999,2252,0.7752151,2905
25,US,Unfamiliar,2,0,38,QGS,0,0,0,0,1,D,11,11,0,2288,0.7876076,2905
19,EFP,Unfamiliar,2,0,38,QGS,0,0,0,0,1,D,26,26,0,2299,0.7913941,2905
32,US,Unfamiliar,2,1,38,QGS,0,1,0,0,1,D,65,65,0,2325,0.8003442,2905
e5,EFP,Unfamiliar,3,0,38,QGS,0,0,0,0,1,D,6,6,0,2384,0.8206540,2905
e5,EFP,Unfamiliar,2,0,38,QGS,0,0,0,0,1,D,32,32,0,2400,0.8261618,2905
41,QGS,Unfamiliar,2,0,38,QGS,0,0,0,0,1,D,15,15,0,2470,0.8502582,2905
11,EFP,Unfamiliar,2,0,38,QGS,0,0,0,0,0,S,10,0,10,2485,0.8554217,2905
21,US,Unfamiliar,2,1,38,QGS,0,0,1,0,1,D,20,20,0,2506,0.8626506,2905
21,US,Unfamiliar,3,0,38,QGS,0,0,0,0,1,D,10,10,0,2516,0.8660929,2905
38,QGS,Unfamiliar,2,11,38,QGS,0,5,3,3,0.9540541,D,370,353.000017,16.999983,2526,0.8695353,2905
19,EFP,Unfamiliar,3,0,38,QGS,0,0,0,0,1,D,6,6,0,2558,0.8805508,2905
19,EFP,Unfamiliar,3,0,38,QGS,0,0,0,0,1,D,6,6,0,2570,0.8846816,2905
19,EFP,Unfamiliar,3,0,38,QGS,0,0,0,0,1,D,4,4,0,2576,0.8867470,2905
38,QGS,Unfamiliar,3,0,38,QGS,0,0,0,0,1,D,33,33,0,2580,0.8881239,2905
38,QGS,Unfamiliar,3,0,38,QGS,0,0,0,0,1,D,86,86,0,2631,0.9056799,2905
23,US,Unfamiliar,3,4,38,QGS,0,2,2,0,1,D,115,115,0,2717,0.9352840,2905
27,US,Unfamiliar,4,0,38,QGS,0,0,0,0,1,D,20,20,0,2760,0.9500861,2905
15,EFP,Unfamiliar,4,0,38,QGS,0,0,0,0,1,D,13,13,0,2780,0.9569707,2905
20,EFP,Unfamiliar,4,0,38,QGS,0,0,0,0,1,D,12,12,0,2793,0.9614458,2905
27,US,Unfamiliar,4,0,38,QGS,0,0,0,0,1,D,27,27,0,2805,0.9655766,2905
42,QGS,Unfamiliar,3,0,38,QGS,0,0,0,0,0.5,s/d,10,5,5,2886,0.9934596,2905
6,EFP,Familiar,1,0,,,0,0,0,0,0,S,14,0,14,206,0.0789272,2610
27,US,Familiar,1,0,,,0,0,0,0,0,S,16,0,16,228,0.0873563,2610
27,US,Familiar,1,0,,,0,0,0,0,1,D,25,25,0,275,0.1053640,2610
27,US,Familiar,1,0,,,0,0,0,0,1,D,50,50,0,300,0.1149425,2610
27,US,Familiar,1,1,,,0,1,0,0,1,D,30,30,0,370,0.1417625,2610
e5,EFP,Familiar,2,0,27,US,0,0,0,0,1,D,10,10,0,390,0.1494253,2610
7,EFP,Familiar,1,0,,,0,0,0,0,0,S,40,0,40,400,0.1532567,2610
1,FFP,Familiar,1,0,,,0,0,0,0,0.3,s,30,9,21,515,0.1973180,2610
6,EFP,Familiar,1,0,,,0,0,0,0,0,S,25,0,25,545,0.2088123,2610
26,US,Familiar,1,0,,,0,0,0,0,0,S,11,0,11,570,0.2183908,2610
23,US,Familiar,1,2,,,0,1,1,0,0.1339286,S,112,15.0000032,96.9999968,581,0.2226054,2610
17,EFP,Familiar,2,0,23,US,0,0,0,0,0,S,40,0,40,600,0.2298851,2610
26,US,Familiar,2,0,23,US,0,0,0,0,0,S,23,0,23,640,0.2452107,2610
38,QGS,Familiar,1,0,,,0,0,0,0,0.1021898,S,137,14.0000026,122.9999974,693,0.2655172,2610
23,US,Familiar,1,0,,,0,0,0,0,0,S,128,0,128,844,0.3233716,2610
42,QGS,Familiar,1,18,,,0,0,10,8,0.5376712,s/d,584,313.9999808,270.0000192,972,0.3724138,2610
44,QGS,Familiar,2,0,42,QGS,0,0,0,0,1,D,4,4,0,1013,0.3881226,2610
e8,US,Familiar,2,8,42,QGS,0,0,5,3,0.9680851,D,188,181.9999988,6.00000119999999,1017,0.3896552,2610
36,QGS,Familiar,3,0,42,QGS,0,0,0,0,0.84,D,25,21,4,1035,0.3965517,2610
e7,QGS,Familiar,3,0,42,QGS,0,0,0,0,1,D,5,5,0,1060,0.4061303,2610
e8,US,Familiar,3,2,42,QGS,0,0,2,0,1,D,25,25,0,1065,0.4080460,2610
27,US,Familiar,4,0,42,QGS,0,0,0,0,1,D,10,10,0,1065,0.4080460,2610
27,US,Familiar,4,0,42,QGS,0,0,0,0,1,D,15,15,0,1075,0.4118774,2610
27,US,Familiar,3,0,42,QGS,0,0,0,0,1,D,31,31,0,1090,0.4176245,2610
34,QGS,Familiar,3,1,42,QGS,0,0,1,0,0.9761905,D,84,82.000002,1.99999800000001,1121,0.4295019,2610
27,US,Familiar,4,0,42,QGS,0,0,0,0,0.8461538,D,13,10.9999994,2.0000006,1192,0.4567050,2610
22,US,Familiar,2,0,42,QGS,0,0,0,0,0,S,39,0,39,1205,0.4616858,2610
27,US,Familiar,2,0,42,QGS,0,0,0,0,1,D,12,12,0,1270,0.4865900,2610
34,QGS,Familiar,2,0,42,QGS,0,0,0,0,0,S,24,0,24,1336,0.5118774,2610
35,QGS,Familiar,2,0,42,QGS,0,0,0,0,0,S,61,0,61,1360,0.5210728,2610
42,QGS,Familiar,2,0,42,QGS,0,0,0,0,1,D,18,18,0,1421,0.5444444,2610
44,QGS,Familiar,2,0,42,QGS,0,0,0,0,0.8333333,D,6,4.9999998,1.0000002,1534,0.5877395,2610
e8,US,Familiar,2,1,42,QGS,0,0,1,0,1,D,16,16,0,1540,0.5900383,2610
27,US,Familiar,3,0,42,QGS,0,0,0,0,1,D,11,11,0,1545,0.5919540,2610
38,QGS,Familiar,1,12,,,4,3,3,2,0.0779727,S,1026,79.9999902,946.0000098,1556,0.5961686,2610
26,US,Familiar,2,1,38,QGS,0,0,1,0,0.1266667,S,150,19.000005,130.999995,1618,0.6199234,2610
27,US,Familiar,3,0,38,QGS,0,0,0,0,0.76,d,25,19,6,1655,0.6340996,2610
1,FFP,Familiar,2,3,38,QGS,3,0,0,0,0.0224359,S,312,7.0000008,304.9999992,1768,0.6773946,2610
4,FFP,Familiar,3,0,38,QGS,0,0,0,0,0,S,105,0,105,1782,0.6827586,2610
4,FFP,Familiar,3,0,38,QGS,0,0,0,0,0,S,130,0,130,1887,0.7229885,2610
5,FFP,Familiar,3,0,38,QGS,0,0,0,0,0,S,24,0,24,2017,0.7727969,2610
26,US,Familiar,2,5,38,QGS,0,3,0,2,0.0418327,S,502,21.0000154,480.9999846,2080,0.7969349,2610
12,EFP,Familiar,3,0,38,QGS,0,0,0,0,0,S,24,0,24,2406,0.9218391,2610
38,QGS,Familiar,3,3,38,QGS,0,2,0,1,0,S,152,0,152,2430,0.9310345,2610
6,EFP,Familiar,4,0,38,QGS,0,0,0,0,0,S,15,0,15,2430,0.9310345,2610
6,EFP,Familiar,4,0,38,QGS,0,0,0,0,0,S,19,0,19,2445,0.9367816,2610
38,QGS,Familiar,4,0,38,QGS,0,0,0,0,0,S,40,0,40,2542,0.9739464,2610
44,QGS,Familiar,1,0,,,0,0,0,0,0,S,28,0,28,2582,0.9892720,2610
e8,US,Unfamiliar,1,7,,,1,1,3,2,0.8370044,D,227,189.9999988,37.0000012,140,0.0472973,2960
4,FFP,Unfamiliar,2,1,e8,US,0,1,0,0,0,S,28,0,28,146,0.0493243,2960
12,EFP,Unfamiliar,3,0,e8,US,0,0,0,0,0,S,28,0,28,146,0.0493243,2960
34,QGS,Unfamiliar,2,2,e8,US,0,0,2,0,1,D,106,106,0,195,0.0658784,2960
27,US,Unfamiliar,3,0,e8,US,0,0,0,0,1,D,35,35,0,210,0.0709459,2960
28,US,Unfamiliar,3,0,e8,US,0,0,0,0,1,D,8,8,0,245,0.0827703,2960
34,QGS,Unfamiliar,2,1,e8,US,0,0,1,0,1,D,66,66,0,301,0.1016892,2960
27,US,Unfamiliar,3,0,e8,US,0,0,0,0,1,D,16,16,0,341,0.1152027,2960
34,QGS,Unfamiliar,1,3,,,0,3,0,0,0.0106383,S,94,1.0000002,92.9999998,400,0.1351351,2960
e1,EFP,Unfamiliar,2,0,34,QGS,0,0,0,0,0,S,24,0,24,415,0.1402027,2960
e1,EFP,Unfamiliar,2,1,34,QGS,0,1,0,0,0,S,46,0,46,448,0.1513514,2960
15,EFP,Unfamiliar,3,0,34,QGS,0,0,0,0,0,S,9,0,9,470,0.1587838,2960
36,QGS,Unfamiliar,1,0,,,0,0,0,0,0,S,32,0,32,494,0.1668919,2960
17,EFP,Unfamiliar,1,0,,,0,0,0,0,0,S,14,0,14,526,0.1777027,2960
15,EFP,Unfamiliar,1,0,,,0,0,0,0,0,S,70,0,70,570,0.1925676,2960
15,EFP,Unfamiliar,1,0,,,0,0,0,0,0,S,31,0,31,640,0.2162162,2960
12,EFP,Unfamiliar,1,0,,,0,0,0,0,0,S,16,0,16,671,0.2266892,2960
44,QGS,Unfamiliar,1,0,,,0,0,0,0,0.880597,D,67,58.999999,8.000001,775,0.2618243,2960
e6,QGS,Unfamiliar,1,1,,,0,1,0,0,0,S,20,0,20,870,0.2939189,2960
12,EFP,Unfamiliar,2,0,e6,QGS,0,0,0,0,0,S,10,0,10,880,0.2972973,2960
e6,QGS,Unfamiliar,1,1,,,0,1,0,0,0,S,70,0,70,890,0.3006757,2960
12,EFP,Unfamiliar,2,0,e6,QGS,0,0,0,0,0,S,70,0,70,890,0.3006757,2960
e7,QGS,Unfamiliar,1,0,,,0,0,0,0,1,D,25,25,0,1013,0.3422297,2960
e7,QGS,Unfamiliar,1,0,,,0,0,0,0,1,D,2,2,0,1088,0.3675676,2960
e7,QGS,Unfamiliar,1,0,,,0,0,0,0,1,D,2,2,0,1123,0.3793919,2960
e7,QGS,Unfamiliar,1,0,,,0,0,0,0,1,D,3,3,0,1165,0.3935811,2960
e8,US,Unfamiliar,1,1,,,0,1,0,0,1,D,37,37,0,1168,0.3945946,2960
19,EFP,Unfamiliar,2,0,e8,US,0,0,0,0,1,D,5,5,0,1200,0.4054054,2960
e7,QGS,Unfamiliar,1,0,,,0,0,0,0,1,D,2,2,0,1230,0.4155405,2960
e8,US,Unfamiliar,1,45,,,3,20,13,9,0.3660655,s,1497,548.0000535,948.9999465,1232,0.4162162,2960
19,EFP,Unfamiliar,2,0,e8,US,0,0,0,0,1,D,5,5,0,1240,0.4189189,2960
e7,QGS,Unfamiliar,2,0,e8,US,0,0,0,0,1,D,2,2,0,1284,0.4337838,2960
e8,US,Unfamiliar,2,42,e8,US,3,19,12,8,0.3575884,s,1443,516.0000612,926.9999388,1286,0.4344595,2960
19,EFP,Unfamiliar,3,0,e8,US,0,0,0,0,1,D,5,5,0,1295,0.4375000,2960
e7,QGS,Unfamiliar,3,0,e8,US,0,0,0,0,1,D,2,2,0,1344,0.4540541,2960
17,EFP,Unfamiliar,3,0,e8,US,0,0,0,0,0.1333333,S,15,1.9999995,13.0000005,1346,0.4547297,2960
17,EFP,Unfamiliar,3,0,e8,US,0,0,0,0,0,S,23,0,23,1405,0.4746622,2960
17,EFP,Unfamiliar,3,0,e8,US,0,0,0,0,0,S,21,0,21,1428,0.4824324,2960
17,EFP,Unfamiliar,3,0,e8,US,0,0,0,0,0,S,16,0,16,1449,0.4895270,2960
34,QGS,Unfamiliar,3,0,e8,US,0,0,0,0,0,S,21,0,21,1465,0.4949324,2960
6,EFP,Unfamiliar,3,0,e8,US,0,0,0,0,0,S,25,0,25,1486,0.5020270,2960
42,QGS,Unfamiliar,3,2,e8,US,1,0,1,0,0.9878049,D,82,81.0000018,0.999998200000007,1584,0.5351351,2960
27,US,Unfamiliar,4,0,e8,US,0,0,0,0,0.9375,D,16,15,1,1584,0.5351351,2960
4,FFP,Unfamiliar,4,0,e8,US,0,0,0,0,1,D,6,6,0,1600,0.5405405,2960
4,FFP,Unfamiliar,3,6,e8,US,1,1,4,0,0.5959596,d,99,59.0000004,39.9999996,1666,0.5628378,2960
25,US,Unfamiliar,4,0,e8,US,0,0,0,0,1,D,8,8,0,1666,0.5628378,2960
4,FFP,Unfamiliar,4,1,e8,US,0,1,0,0,0,S,37,0,37,1674,0.5655405,2960
12,EFP,Unfamiliar,5,0,e8,US,0,0,0,0,0,S,37,0,37,1674,0.5655405,2960
27,US,Unfamiliar,4,0,e8,US,0,0,0,0,0.7692308,d,13,10.0000004,2.9999996,1711,0.5780405,2960
27,US,Unfamiliar,4,0,e8,US,0,0,0,0,1,D,15,15,0,1724,0.5824324,2960
27,US,Unfamiliar,4,0,e8,US,0,0,0,0,1,D,26,26,0,1739,0.5875000,2960
23,US,Unfamiliar,3,0,e8,US,0,0,0,0,0.1857143,S,70,13.000001,56.999999,1790,0.6047297,2960
34,QGS,Unfamiliar,3,6,e8,US,0,6,0,0,0,S,126,0,126,1860,0.6283784,2960
6,EFP,Unfamiliar,4,0,e8,US,0,0,0,0,0,S,16,0,16,1860,0.6283784,2960
17,EFP,Unfamiliar,4,0,e8,US,0,0,0,0,0,S,14,0,14,1876,0.6337838,2960
12,EFP,Unfamiliar,4,0,e8,US,0,0,0,0,0,S,7,0,7,1911,0.6456081,2960
17,EFP,Unfamiliar,4,2,e8,US,0,2,0,0,0,S,26,0,26,1956,0.6608108,2960
11,EFP,Unfamiliar,5,0,e8,US,0,0,0,0,0,S,5,0,5,1959,0.6618243,2960
17,EFP,Unfamiliar,5,0,e8,US,0,0,0,0,0,S,22,0,22,1964,0.6635135,2960
17,EFP,Unfamiliar,3,0,e8,US,0,0,0,0,0,S,19,0,19,2010,0.6790541,2960
27,US,Unfamiliar,3,0,e8,US,0,0,0,0,0.8,D,10,8,2,2040,0.6891892,2960
23,US,Unfamiliar,3,1,e8,US,0,1,0,0,0.7727273,d,22,17.0000006,4.9999994,2050,0.6925676,2960
12,EFP,Unfamiliar,4,0,e8,US,0,0,0,0,0,S,5,0,5,2064,0.6972973,2960
27,US,Unfamiliar,3,0,e8,US,0,0,0,0,1,D,8,8,0,2072,0.7000000,2960
e7,QGS,Unfamiliar,3,0,e8,US,0,0,0,0,1,D,8,8,0,2098,0.7087838,2960
e8,US,Unfamiliar,3,1,e8,US,0,1,0,0,1,D,26,26,0,2106,0.7114865,2960
19,EFP,Unfamiliar,4,0,e8,US,0,0,0,0,1,D,5,5,0,2115,0.7145270,2960
34,QGS,Unfamiliar,3,1,e8,US,0,0,1,0,0.1705069,S,217,36.9999973,180.0000027,2132,0.7202703,2960
23,US,Unfamiliar,4,0,e8,US,0,0,0,0,0.0380952,S,105,3.999996,101.000004,2244,0.7581081,2960
38,QGS,Unfamiliar,3,5,e8,US,0,3,1,1,0.4578947,s/d,380,173.999986,206.000014,2349,0.7935811,2960
17,EFP,Unfamiliar,4,0,e8,US,0,0,0,0,0,S,20,0,20,2435,0.8226351,2960
12,EFP,Unfamiliar,4,0,e8,US,0,0,0,0,0,S,25,0,25,2455,0.8293919,2960
23,US,Unfamiliar,4,1,e8,US,0,1,0,0,0.2083333,s,24,4.9999992,19.0000008,2651,0.8956081,2960
12,EFP,Unfamiliar,5,0,e8,US,0,0,0,0,0,S,9,0,9,2656,0.8972973,2960
42,QGS,Unfamiliar,4,0,e8,US,0,0,0,0,1,D,16,16,0,2713,0.9165541,2960
e7,QGS,Unfamiliar,1,0,,,0,0,0,0,1,D,4,4,0,2845,0.9611486,2960
e7,QGS,Unfamiliar,1,0,,,0,0,0,0,1,D,3,3,0,2862,0.9668919,2960
e7,QGS,Unfamiliar,1,0,,,0,0,0,0,1,D,4,4,0,2870,0.9695946,2960
e8,US,Unfamiliar,1,3,,,0,2,1,0,0.6395349,d,86,55.0000014,30.9999986,2874,0.9709459,2960
19,EFP,Unfamiliar,2,0,e8,US,0,0,0,0,1,D,5,5,0,2883,0.9739865,2960
e8,US,Unfamiliar,2,0,e8,US,0,0,0,0,0.6666667,d,6,4.0000002,1.9999998,2920,0.9864865,2960
19,EFP,Unfamiliar,2,0,e8,US,0,0,0,0,1,D,12,12,0,2936,0.9918919,2960
6,EFP,Familiar,1,0,,,0,0,0,0,0,S,6,0,6,237,0.0776540,3052
e2,EFP,Familiar,1,0,,,0,0,0,0,0,S,38,0,38,316,0.1035387,3052
e5,EFP,Familiar,1,0,,,0,0,0,0,0,S,56,0,56,354,0.1159895,3052
17,EFP,Familiar,1,0,,,0,0,0,0,0,S,12,0,12,410,0.1343381,3052
6,EFP,Familiar,1,0,,,0,0,0,0,0,S,48,0,48,422,0.1382700,3052
4,FFP,Familiar,1,0,,,0,0,0,0,0,S,13,0,13,606,0.1985583,3052
e7,QGS,Familiar,1,0,,,0,0,0,0,1,D,5,5,0,687,0.2250983,3052
e8,US,Familiar,1,10,,,0,2,2,6,0.1343284,S,670,90.000028,579.999972,692,0.2267366,3052
e7,QGS,Familiar,2,0,e8,US,0,0,0,0,1,D,3,3,0,758,0.2483617,3052
e8,US,Familiar,2,8,e8,US,0,2,1,5,0.1181364,S,601,70.9999764,530.0000236,761,0.2493447,3052
38,QGS,Familiar,3,0,e8,US,0,0,0,0,0,S,24,0,24,777,0.2545872,3052
38,QGS,Familiar,3,0,e8,US,0,0,0,0,0,S,27,0,27,1017,0.3332241,3052
e7,QGS,Familiar,3,0,e8,US,0,0,0,0,1,D,18,18,0,1152,0.3774574,3052
e8,US,Familiar,3,3,e8,US,0,2,0,1,0.1675676,S,185,31.000006,153.999994,1170,0.3833552,3052
17,EFP,Familiar,4,0,e8,US,0,0,0,0,0,S,14,0,14,1258,0.4121887,3052
6,EFP,Familiar,4,0,e8,US,0,0,0,0,0,S,5,0,5,1272,0.4167759,3052
41,QGS,Familiar,4,0,e8,US,0,0,0,0,0,S,19,0,19,1336,0.4377457,3052
e7,QGS,Familiar,3,0,e8,US,0,0,0,0,1,D,7,7,0,1355,0.4439712,3052
6,EFP,Familiar,1,0,,,0,0,0,0,0.0142857,S,70,0.999999,69.000001,1362,0.4462647,3052
e7,QGS,Familiar,1,0,,,0,0,0,0,1,D,2,2,0,1729,0.5665138,3052
e8,US,Familiar,1,1,,,0,1,0,0,0.8095238,D,21,16.9999998,4.0000002,1731,0.5671691,3052
19,EFP,Familiar,2,0,e8,US,0,0,0,0,1,D,7,7,0,1741,0.5704456,3052
e7,QGS,Familiar,1,0,,,0,0,0,0,1,D,3,3,0,1764,0.5779817,3052
e7,QGS,Familiar,1,0,,,0,0,0,0,1,D,2,2,0,1866,0.6114024,3052
e8,US,Familiar,1,1,,,0,1,0,0,1,D,10,10,0,1868,0.6120577,3052
19,EFP,Familiar,2,0,e8,US,0,0,0,0,1,D,10,10,0,1868,0.6120577,3052
e7,QGS,Familiar,1,0,,,0,0,0,0,1,D,2,2,0,1908,0.6251638,3052
38,QGS,Familiar,1,0,,,0,0,0,0,0,S,148,0,148,1910,0.6258191,3052
e7,QGS,Familiar,1,0,,,0,0,0,0,1,D,3,3,0,2058,0.6743119,3052
e8,US,Familiar,1,0,,,0,0,0,0,1,D,23,23,0,2061,0.6752949,3052
17,EFP,Familiar,1,0,,,0,0,0,0,0,S,22,0,22,2084,0.6828309,3052
e7,QGS,Familiar,1,0,,,0,0,0,0,1,D,3,3,0,2125,0.6962647,3052
e7,QGS,Familiar,1,0,,,0,0,0,0,1,D,2,2,0,2172,0.7116645,3052
e7,QGS,Familiar,1,0,,,0,0,0,0,1,D,2,2,0,2255,0.7388598,3052
38,QGS,Familiar,1,1,,,0,1,0,0,0,S,138,0,138,2330,0.7634338,3052
18,EFP,Familiar,2,0,38,QGS,0,0,0,0,0,S,53,0,53,2410,0.7896461,3052
38,QGS,Familiar,1,7,,,1,5,1,0,0,S,243,0,243,2468,0.8086501,3052
5,FFP,Familiar,2,6,38,QGS,0,5,1,0,0,S,82,0,82,2487,0.8148755,3052
8,EFP,Familiar,3,0,38,QGS,0,0,0,0,0,S,35,0,35,2500,0.8191350,3052
25,US,Familiar,3,4,38,QGS,0,4,0,0,0,S,34,0,34,2535,0.8306029,3052
15,EFP,Familiar,4,0,38,QGS,0,0,0,0,0,S,7,0,7,2535,0.8306029,3052
12,EFP,Familiar,4,0,38,QGS,0,0,0,0,0,S,7,0,7,2542,0.8328965,3052
6,EFP,Familiar,4,0,38,QGS,0,0,0,0,0,S,7,0,7,2552,0.8361730,3052
15,EFP,Familiar,4,0,38,QGS,0,0,0,0,0,S,7,0,7,2562,0.8394495,3052
e1,EFP,Familiar,1,0,,,0,0,0,0,0,S,26,0,26,2755,0.9026868,3052
e7,QGS,Familiar,1,0,,,0,0,0,0,1,D,3,3,0,2927,0.9590433,3052
e8,US,Familiar,1,0,,,0,0,0,0,1,D,8,8,0,2930,0.9600262,3052
e7,QGS,Familiar,1,0,,,0,0,0,0,1,D,3,3,0,2954,0.9678899,3052
e8,US,Familiar,1,2,,,0,2,0,0,1,D,56,56,0,2957,0.9688729,3052
19,EFP,Familiar,2,1,e8,US,0,1,0,0,1,D,34,34,0,2979,0.9760813,3052
19,EFP,Familiar,3,0,e8,US,0,0,0,0,1,D,1,1,0,3004,0.9842726,3052
e7,QGS,Familiar,1,0,,,0,0,0,0,1,D,4,4,0,3048,0.9986894,3052
25,US,Unfamiliar,1,0,,,0,0,0,0,1,D,101,101,0,7,0.0027344,2560
1,FFP,Unfamiliar,1,2,,,1,0,1,0,0.9489796,D,98,93.0000008,4.99999919999999,108,0.0421875,2560
27,US,Unfamiliar,2,0,1,FFP,0,0,0,0,1,D,29,29,0,148,0.0578125,2560
1,FFP,Unfamiliar,2,0,1,FFP,0,0,0,0,1,D,21,21,0,177,0.0691406,2560
3,FFP,Unfamiliar,1,7,,,0,7,0,0,0.5360624,s/d,513,275.0000112,237.9999888,206,0.0804688,2560
6,EFP,Unfamiliar,2,0,3,FFP,0,0,0,0,1,D,3,3,0,276,0.1078125,2560
12,EFP,Unfamiliar,2,1,3,FFP,0,1,0,0,0,S,46,0,46,279,0.1089844,2560
17,EFP,Unfamiliar,3,0,3,FFP,0,0,0,0,0,S,4,0,4,308,0.1203125,2560
6,EFP,Unfamiliar,2,0,3,FFP,0,0,0,0,0,S,33,0,33,325,0.1269531,2560
17,EFP,Unfamiliar,2,0,3,FFP,0,0,0,0,1,D,72,72,0,385,0.1503906,2560
17,EFP,Unfamiliar,2,0,3,FFP,0,0,0,0,1,D,12,12,0,496,0.1937500,2560
17,EFP,Unfamiliar,2,0,3,FFP,0,0,0,0,0,S,22,0,22,665,0.2597656,2560
1,FFP,Unfamiliar,1,0,,,0,0,0,0,0,S,81,0,81,740,0.2890625,2560
17,EFP,Unfamiliar,1,0,,,0,0,0,0,0,S,11,0,11,821,0.3207031,2560
28,US,Unfamiliar,1,9,,,0,7,2,0,0.6189112,d,349,216.0000088,132.9999912,832,0.3250000,2560
16,EFP,Unfamiliar,2,0,28,US,0,0,0,0,0,S,19,0,19,832,0.3250000,2560
27,US,Unfamiliar,2,0,28,US,0,0,0,0,0.8846154,D,104,92.0000016,11.9999984,891,0.3480469,2560
14,EFP,Unfamiliar,2,6,28,US,0,5,1,0,0.6666667,d,186,124.0000062,61.9999938,995,0.3886719,2560
19,EFP,Unfamiliar,3,0,28,US,0,0,0,0,1,D,40,40,0,1052,0.4109375,2560
19,EFP,Unfamiliar,3,0,28,US,0,0,0,0,1,D,10,10,0,1125,0.4394531,2560
31,US,Unfamiliar,3,0,28,US,0,0,0,0,1,D,11,11,0,1135,0.4433594,2560
19,EFP,Unfamiliar,3,0,28,US,0,0,0,0,1,D,9,9,0,1149,0.4488281,2560
17,EFP,Unfamiliar,3,0,28,US,0,0,0,0,0,S,7,0,7,1158,0.4523438,2560
8,EFP,Unfamiliar,3,0,28,US,0,0,0,0,0,S,16,0,16,1165,0.4550781,2560
34,QGS,Unfamiliar,1,1,,,0,0,1,0,1,D,149,149,0,1181,0.4613281,2560
29,US,Unfamiliar,2,0,34,QGS,0,0,0,0,1,D,25,25,0,1265,0.4941406,2560
38,QGS,Unfamiliar,1,3,,,1,0,1,1,0.2480916,s,262,64.9999992,197.0000008,1330,0.5195313,2560
26,US,Unfamiliar,2,0,38,QGS,0,0,0,0,1,D,35,35,0,1365,0.5332031,2560
1,FFP,Unfamiliar,2,0,38,QGS,0,0,0,0,0,S,51,0,51,1489,0.5816406,2560
42,QGS,Unfamiliar,2,0,38,QGS,0,0,0,0,0.5952381,d,42,25.0000002,16.9999998,1550,0.6054688,2560
28,US,Unfamiliar,1,15,,,0,4,3,8,0.4957386,s/d,704,348.9999744,355.0000256,1592,0.6218750,2560
17,EFP,Unfamiliar,2,1,28,US,0,1,0,0,0,S,12,0,12,1794,0.7007813,2560
12,EFP,Unfamiliar,3,0,28,US,0,0,0,0,0,S,12,0,12,1794,0.7007813,2560
e8,US,Unfamiliar,2,1,28,US,0,1,0,0,1,D,66,66,0,2015,0.7871094,2560
19,EFP,Unfamiliar,3,0,28,US,0,0,0,0,1,D,3,3,0,2067,0.8074219,2560
38,QGS,Unfamiliar,2,4,28,US,0,0,2,2,0.6333333,d,90,56.999997,33.000003,2093,0.8175781,2560
42,QGS,Unfamiliar,3,0,28,US,0,0,0,0,0.2857143,s,7,2.0000001,4.9999999,2116,0.8265625,2560
e8,US,Unfamiliar,3,0,28,US,0,0,0,0,1,D,13,13,0,2123,0.8292969,2560
44,QGS,Unfamiliar,3,0,28,US,0,0,0,0,1,D,3,3,0,2151,0.8402344,2560
e8,US,Unfamiliar,3,0,28,US,0,0,0,0,1,D,29,29,0,2154,0.8414063,2560
38,QGS,Unfamiliar,2,4,28,US,0,1,0,3,0.5544554,s/d,101,55.9999954,45.0000046,2183,0.8527344,2560
44,QGS,Unfamiliar,3,0,28,US,0,0,0,0,0.6666667,d,9,6.0000003,2.9999997,2212,0.8640625,2560
44,QGS,Unfamiliar,3,0,28,US,0,0,0,0,1,D,4,4,0,2237,0.8738281,2560
19,EFP,Unfamiliar,3,0,28,US,0,0,0,0,1,D,18,18,0,2241,0.8753906,2560
44,QGS,Unfamiliar,3,0,28,US,0,0,0,0,0.8333333,D,6,4.9999998,1.0000002,2278,0.8898438,2560
44,QGS,Unfamiliar,2,0,28,US,0,0,0,0,1,D,12,12,0,2284,0.8921875,2560
34,QGS,Unfamiliar,1,12,,,0,10,2,0,0,S,140,0,140,2296,0.8968750,2560
17,EFP,Unfamiliar,2,0,34,QGS,0,0,0,0,0,S,56,0,56,2296,0.8968750,2560
12,EFP,Unfamiliar,2,0,34,QGS,0,0,0,0,0,S,18,0,18,2379,0.9292969,2560
23,US,Unfamiliar,2,9,34,QGS,0,8,1,0,0,S,39,0,39,2397,0.9363281,2560
17,EFP,Unfamiliar,3,0,34,QGS,0,0,0,0,0,S,163,0,163,2397,0.9363281,2560
17,EFP,Unfamiliar,3,0,34,QGS,0,0,0,0,0,S,27,0,27,2439,0.9527344,2560
17,EFP,Unfamiliar,3,0,34,QGS,0,0,0,0,0,S,3,0,3,2466,0.9632813,2560
17,EFP,Unfamiliar,3,0,34,QGS,0,0,0,0,0,S,4,0,4,2469,0.9644531,2560
30,US,Unfamiliar,3,4,34,QGS,0,4,0,0,0,S,77,0,77,2483,0.9699219,2560
6,EFP,Unfamiliar,4,0,34,QGS,0,0,0,0,0,S,6,0,6,2483,0.9699219,2560
17,EFP,Unfamiliar,4,0,34,QGS,0,0,0,0,0,S,12,0,12,2510,0.9804688,2560
17,EFP,Unfamiliar,4,0,34,QGS,0,0,0,0,0,S,5,0,5,2522,0.9851563,2560
17,EFP,Unfamiliar,4,0,34,QGS,0,0,0,0,0,S,7,0,7,2530,0.9882813,2560
4,FFP,Unfamiliar,1,0,,,0,0,0,0,0.4130435,s/d,92,38.000002,53.999998,47,0.0186879,2515
1,FFP,Unfamiliar,1,0,,,0,0,0,0,0.7777778,d,81,63.0000018,17.9999982,139,0.0552684,2515
3,FFP,Unfamiliar,1,4,,,0,3,1,0,0,S,229,0,229,220,0.0874751,2515
25,US,Unfamiliar,2,3,3,FFP,0,3,0,0,0,S,182,0,182,267,0.1061630,2515
6,EFP,Unfamiliar,3,0,3,FFP,0,0,0,0,0,S,43,0,43,267,0.1061630,2515
12,EFP,Unfamiliar,3,1,3,FFP,0,1,0,0,0,S,139,0,139,310,0.1232604,2515
12,EFP,Unfamiliar,4,0,3,FFP,0,0,0,0,0,S,79,0,79,310,0.1232604,2515
38,QGS,Unfamiliar,1,19,,,0,13,3,3,0.2597623,s,589,152.9999947,436.0000053,449,0.1785288,2515
17,EFP,Unfamiliar,2,0,38,QGS,0,0,0,0,0,S,92,0,92,456,0.1813121,2515
6,EFP,Unfamiliar,2,0,38,QGS,0,0,0,0,0,S,31,0,31,481,0.1912525,2515
6,EFP,Unfamiliar,2,0,38,QGS,0,0,0,0,0,S,23,0,23,512,0.2035785,2515
17,EFP,Unfamiliar,2,0,38,QGS,0,0,0,0,0,S,39,0,39,548,0.2178926,2515
42,QGS,Unfamiliar,2,0,38,QGS,0,0,0,0,1,D,30,30,0,618,0.2457256,2515
30,US,Unfamiliar,2,1,38,QGS,0,0,0,1,1,D,86,86,0,648,0.2576541,2515
42,QGS,Unfamiliar,3,0,38,QGS,0,0,0,0,1,D,7,7,0,661,0.2628231,2515
e5,EFP,Unfamiliar,2,2,38,QGS,0,2,0,0,0,S,59,0,59,767,0.3049702,2515
12,EFP,Unfamiliar,3,0,38,QGS,0,0,0,0,0,S,12,0,12,767,0.3049702,2515
12,EFP,Unfamiliar,3,0,38,QGS,0,0,0,0,0,S,7,0,7,796,0.3165010,2515
6,EFP,Unfamiliar,2,0,38,QGS,0,0,0,0,0,S,31,0,31,839,0.3335984,2515
35,QGS,Unfamiliar,2,0,38,QGS,0,0,0,0,0,S,22,0,22,870,0.3459245,2515
23,US,Unfamiliar,2,6,38,QGS,0,5,1,0,0.0273973,S,146,4.0000058,141.9999942,892,0.3546720,2515
6,EFP,Unfamiliar,3,5,38,QGS,0,4,1,0,0.0307692,S,130,3.999996,126.000004,908,0.3610338,2515
e5,EFP,Unfamiliar,4,2,38,QGS,0,2,0,0,0.1081081,S,37,3.9999997,33.0000003,938,0.3729622,2515
19,EFP,Unfamiliar,5,0,38,QGS,0,0,0,0,0.2105263,s,19,3.9999997,15.0000003,938,0.3729622,2515
17,EFP,Unfamiliar,5,0,38,QGS,0,0,0,0,0,S,18,0,18,957,0.3805169,2515
17,EFP,Unfamiliar,4,0,38,QGS,0,0,0,0,0,S,15,0,15,975,0.3876740,2515
23,US,Unfamiliar,4,0,38,QGS,0,0,0,0,0,S,6,0,6,1032,0.4103380,2515
32,US,Unfamiliar,1,0,,,0,0,0,0,1,D,14,14,0,1083,0.4306163,2515
12,EFP,Unfamiliar,1,0,,,0,0,0,0,0,S,17,0,17,1097,0.4361829,2515
44,QGS,Unfamiliar,1,0,,,0,0,0,0,0.875,D,16,14,2,1120,0.4453280,2515
17,EFP,Unfamiliar,1,0,,,0,0,0,0,1,D,30,30,0,1155,0.4592445,2515
29,US,Unfamiliar,1,0,,,0,0,0,0,1,D,16,16,0,1185,0.4711730,2515
28,US,Unfamiliar,1,15,,,1,9,3,2,0.440678,s/d,363,159.966114,203.033886,1217,0.4838966,2515
27,US,Unfamiliar,2,0,28,US,0,0,0,0,0.6122449,d,49,30.0000001,18.9999999,1217,0.4838966,2515
6,EFP,Unfamiliar,2,0,28,US,0,0,0,0,0,S,11,0,11,1299,0.5165010,2515
6,EFP,Unfamiliar,2,0,28,US,0,0,0,0,0.05,S,20,1,19,1310,0.5208748,2515
19,EFP,Unfamiliar,2,0,28,US,0,0,0,0,1,D,4,4,0,1330,0.5288270,2515
6,EFP,Unfamiliar,2,0,28,US,0,0,0,0,1,D,6,6,0,1334,0.5304175,2515
28,US,Unfamiliar,2,5,28,US,1,3,1,0,0.6395349,d,86,55.0000014,30.9999986,1360,0.5407555,2515
19,EFP,Unfamiliar,3,0,28,US,0,0,0,0,1,D,12,12,0,1360,0.5407555,2515
5,FFP,Unfamiliar,3,0,28,US,0,0,0,0,0,S,29,0,29,1391,0.5530815,2515
19,EFP,Unfamiliar,3,0,28,US,0,0,0,0,1,D,6,6,0,1420,0.5646123,2515
26,US,Unfamiliar,3,0,28,US,0,0,0,0,1,D,15,15,0,1426,0.5669980,2515
19,EFP,Unfamiliar,3,0,28,US,0,0,0,0,1,D,5,5,0,1441,0.5729622,2515
42,QGS,Unfamiliar,2,0,28,US,0,0,0,0,0.962963,D,36,34.666668,1.333332,1484,0.5900596,2515
17,EFP,Unfamiliar,2,0,28,US,0,0,0,0,0,S,10,0,10,1520,0.6043738,2515
17,EFP,Unfamiliar,2,0,28,US,0,0,0,0,0,S,5,0,5,1530,0.6083499,2515
42,QGS,Unfamiliar,2,0,28,US,0,0,0,0,1,D,8,8,0,1572,0.6250497,2515
42,QGS,Unfamiliar,1,0,,,0,0,0,0,0.8125,D,16,13,3,1580,0.6282306,2515
38,QGS,Unfamiliar,1,1,,,0,1,0,0,0,S,30,0,30,1596,0.6345924,2515
17,EFP,Unfamiliar,2,0,38,QGS,0,0,0,0,0,S,20,0,20,1606,0.6385686,2515
23,US,Unfamiliar,1,31,,,1,20,8,2,0.1373239,S,852,116.9999628,735.0000372,1626,0.6465209,2515
17,EFP,Unfamiliar,2,0,23,US,0,0,0,0,0,S,25,0,25,1659,0.6596421,2515
3,FFP,Unfamiliar,2,11,23,US,0,10,1,0,0,S,238,0,238,1692,0.6727634,2515
23,US,Unfamiliar,3,7,23,US,0,7,0,0,0,S,173,0,173,1709,0.6795229,2515
6,EFP,Unfamiliar,4,0,23,US,0,0,0,0,0,S,12,0,12,1709,0.6795229,2515
6,EFP,Unfamiliar,4,0,23,US,0,0,0,0,0,S,4,0,4,1721,0.6842942,2515
6,EFP,Unfamiliar,4,0,23,US,0,0,0,0,0,S,17,0,17,1725,0.6858847,2515
6,EFP,Unfamiliar,4,0,23,US,0,0,0,0,0,S,34,0,34,1742,0.6926441,2515
12,EFP,Unfamiliar,4,0,23,US,0,0,0,0,0,S,15,0,15,1776,0.7061630,2515
17,EFP,Unfamiliar,4,0,23,US,0,0,0,0,0,S,62,0,62,1791,0.7121272,2515
17,EFP,Unfamiliar,4,0,23,US,0,0,0,0,0,S,29,0,29,1853,0.7367793,2515
17,EFP,Unfamiliar,3,0,23,US,0,0,0,0,0,S,23,0,23,1882,0.7483101,2515
17,EFP,Unfamiliar,3,0,23,US,0,0,0,0,0,S,3,0,3,1905,0.7574553,2515
17,EFP,Unfamiliar,3,0,23,US,0,0,0,0,0,S,12,0,12,1908,0.7586481,2515
34,QGS,Unfamiliar,2,6,23,US,0,3,3,0,0.1386861,S,137,18.9999957,118.0000043,1930,0.7673956,2515
6,EFP,Unfamiliar,3,0,23,US,0,0,0,0,0,S,26,0,26,1951,0.7757455,2515
26,US,Unfamiliar,3,0,23,US,0,0,0,0,1,D,19,19,0,1977,0.7860835,2515
26,US,Unfamiliar,3,2,23,US,0,2,0,0,0,S,71,0,71,1996,0.7936382,2515
17,EFP,Unfamiliar,4,0,23,US,0,0,0,0,0,S,32,0,32,2006,0.7976143,2515
17,EFP,Unfamiliar,4,0,23,US,0,0,0,0,0,S,11,0,11,2038,0.8103380,2515
26,US,Unfamiliar,3,0,23,US,0,0,0,0,0.1285714,S,70,8.999998,61.000002,2067,0.8218688,2515
28,US,Unfamiliar,2,5,23,US,0,3,1,1,0.3975904,s/d,83,33.0000032,49.9999968,2137,0.8497018,2515
17,EFP,Unfamiliar,3,0,23,US,0,0,0,0,0,S,3,0,3,2152,0.8556660,2515
17,EFP,Unfamiliar,3,0,23,US,0,0,0,0,0,S,16,0,16,2163,0.8600398,2515
17,EFP,Unfamiliar,3,0,23,US,0,0,0,0,0,S,1,0,1,2179,0.8664016,2515
42,QGS,Unfamiliar,3,1,23,US,0,0,1,0,0.8181818,D,22,17.9999996,4.0000004,2187,0.8695825,2515
e8,US,Unfamiliar,4,0,23,US,0,0,0,0,1,D,8,8,0,2201,0.8751491,2515
17,EFP,Unfamiliar,2,0,23,US,0,0,0,0,0.04,S,50,2,48,2220,0.8827038,2515
12,EFP,Unfamiliar,2,0,23,US,0,0,0,0,0,S,3,0,3,2270,0.9025845,2515
26,US,Unfamiliar,2,2,23,US,0,1,1,0,0.2842105,s,190,53.999995,136.000005,2288,0.9097416,2515
29,US,Unfamiliar,3,0,23,US,0,0,0,0,1,D,29,29,0,2382,0.9471173,2515
17,EFP,Unfamiliar,3,0,23,US,0,0,0,0,0.0222222,S,45,0.999999,44.000001,2414,0.9598410,2515
17,EFP,Familiar,1,0,,,0,0,0,0,0.15625,S,32,5,27,62,0.0221192,2803
12,EFP,Familiar,1,0,,,0,0,0,0,0,S,23,0,23,94,0.0335355,2803
6,EFP,Familiar,1,0,,,0,0,0,0,0,S,26,0,26,198,0.0706386,2803
17,EFP,Familiar,1,0,,,0,0,0,0,0,S,45,0,45,395,0.1409204,2803
17,EFP,Familiar,1,0,,,0,0,0,0,0,S,12,0,12,440,0.1569747,2803
17,EFP,Familiar,1,0,,,0,0,0,0,0,S,31,0,31,452,0.1612558,2803
28,US,Familiar,1,1,,,0,1,0,0,0,S,68,0,68,483,0.1723154,2803
6,EFP,Familiar,2,0,28,US,0,0,0,0,0,S,12,0,12,501,0.1787371,2803
6,EFP,Familiar,1,0,,,0,0,0,0,0,S,11,0,11,601,0.2144131,2803
e7,QGS,Familiar,1,0,,,0,0,0,0,1,D,4,4,0,612,0.2183375,2803
17,EFP,Familiar,1,0,,,0,0,0,0,0,S,13,0,13,616,0.2197645,2803
27,US,Familiar,1,0,,,0,0,0,0,0.5277778,s/d,36,19.0000008,16.9999992,654,0.2333214,2803
e7,QGS,Familiar,1,0,,,0,0,0,0,1,D,2,2,0,775,0.2764895,2803
e7,QGS,Familiar,1,0,,,0,0,0,0,1,D,5,5,0,885,0.3157331,2803
23,US,Familiar,1,1,,,0,1,0,0,0,S,31,0,31,902,0.3217981,2803
6,EFP,Familiar,2,0,23,US,0,0,0,0,0,S,18,0,18,915,0.3264360,2803
23,US,Familiar,1,1,,,0,1,0,0,0,S,39,0,39,995,0.3549768,2803
6,EFP,Familiar,2,0,23,US,0,0,0,0,0,S,39,0,39,995,0.3549768,2803
23,US,Familiar,1,12,,,0,5,7,0,0.3606965,s,402,144.999993,257.000007,1073,0.3828041,2803
6,EFP,Familiar,2,0,23,US,0,0,0,0,0,S,55,0,55,1073,0.3828041,2803
23,US,Familiar,2,0,23,US,0,0,0,0,0,S,23,0,23,1128,0.4024260,2803
6,EFP,Familiar,2,0,23,US,0,0,0,0,0,S,7,0,7,1151,0.4106315,2803
27,US,Familiar,2,0,23,US,0,0,0,0,0.9111111,D,90,81.999999,8.000001,1158,0.4131288,2803
27,US,Familiar,2,0,23,US,0,0,0,0,1,D,31,31,0,1248,0.4452372,2803
23,US,Familiar,2,6,23,US,0,3,3,0,0.1632653,S,196,31.9999988,164.0000012,1279,0.4562968,2803
6,EFP,Familiar,3,0,23,US,0,0,0,0,0.0833333,S,12,0.9999996,11.0000004,1279,0.4562968,2803
27,US,Familiar,3,0,23,US,0,0,0,0,0.8421053,D,19,16.0000007,2.9999993,1291,0.4605780,2803
26,US,Familiar,3,3,23,US,0,2,1,0,0.0909091,S,165,15.0000015,149.9999985,1310,0.4673564,2803
6,EFP,Familiar,4,0,23,US,0,0,0,0,0,S,43,0,43,1340,0.4780592,2803
23,US,Familiar,4,1,23,US,0,1,0,0,0,S,92,0,92,1383,0.4933999,2803
12,EFP,Familiar,5,0,23,US,0,0,0,0,0,S,92,0,92,1383,0.4933999,2803
38,QGS,Familiar,1,4,,,0,1,1,2,0.3956835,s/d,139,55.0000065,83.9999935,1475,0.5262219,2803
17,EFP,Familiar,2,0,38,QGS,0,0,0,0,0,S,32,0,32,1475,0.5262219,2803
42,QGS,Familiar,2,2,38,QGS,0,0,1,1,1,D,55,55,0,1559,0.5561898,2803
e7,QGS,Familiar,3,0,38,QGS,0,0,0,0,1,D,55,55,0,1559,0.5561898,2803
27,US,Familiar,3,0,38,QGS,0,0,0,0,1,D,44,44,0,1570,0.5601142,2803
27,US,Familiar,1,0,,,0,0,0,0,0.6666667,d,9,6.0000003,2.9999997,1638,0.5843739,2803
28,US,Familiar,1,0,,,0,0,0,0,1,D,5,5,0,1749,0.6239743,2803
38,QGS,Familiar,1,2,,,0,0,2,0,0.8461538,D,52,43.9999976,8.0000024,1777,0.6339636,2803
27,US,Familiar,2,0,38,QGS,0,0,0,0,0.5,s/d,16,8,8,1777,0.6339636,2803
27,US,Familiar,2,0,38,QGS,0,0,0,0,1,D,9,9,0,1820,0.6493043,2803
e7,QGS,Familiar,1,0,,,0,0,0,0,1,D,15,15,0,1843,0.6575098,2803
e8,US,Familiar,1,0,,,0,0,0,0,1,D,20,20,0,1858,0.6628612,2803
38,QGS,Familiar,1,2,,,0,0,0,2,0.0784314,S,51,4.0000014,46.9999986,1878,0.6699964,2803
36,QGS,Familiar,2,0,38,QGS,0,0,0,0,0,S,36,0,36,1878,0.6699964,2803
e7,QGS,Familiar,2,0,38,QGS,0,0,0,0,1,D,2,2,0,1927,0.6874777,2803
e7,QGS,Familiar,1,0,,,0,0,0,0,1,D,2,2,0,1954,0.6971102,2803
e7,QGS,Familiar,1,0,,,0,0,0,0,1,D,9,9,0,1956,0.6978238,2803
34,QGS,Familiar,1,1,,,0,0,0,1,0.6761905,d,105,71.0000025,33.9999975,1965,0.7010346,2803
44,QGS,Familiar,2,0,34,QGS,0,0,0,0,0.9594595,D,74,71.000003,2.99999699999999,1996,0.7120942,2803
e8,US,Familiar,1,3,,,0,0,1,2,0.2586207,s,174,45.0000018,128.9999982,2070,0.7384945,2803
e8,US,Familiar,2,0,e8,US,0,0,0,0,1,D,24,24,0,2144,0.7648948,2803
e7,QGS,Familiar,2,0,e8,US,0,0,0,0,1,D,11,11,0,2211,0.7887977,2803
e7,QGS,Familiar,2,0,e8,US,0,0,0,0,1,D,5,5,0,2239,0.7987870,2803
44,QGS,Familiar,1,11,,,0,3,5,3,0.2939297,s,313,91.9999961,221.0000039,2244,0.8005708,2803
28,US,Familiar,2,9,44,QGS,0,3,4,2,0.3133803,s,284,89.0000052,194.9999948,2244,0.8005708,2803
6,EFP,Familiar,3,0,44,QGS,0,0,0,0,0,S,34,0,34,2272,0.8105601,2803
27,US,Familiar,3,0,44,QGS,0,0,0,0,0.8723404,D,47,40.9999988,6.0000012,2306,0.8226900,2803
6,EFP,Familiar,3,1,44,QGS,0,0,1,0,0.5,s/d,14,7,7,2353,0.8394577,2803
27,US,Familiar,4,0,44,QGS,0,0,0,0,1,D,5,5,0,2353,0.8394577,2803
28,US,Familiar,3,1,44,QGS,0,1,0,0,0,S,9,0,9,2467,0.8801284,2803
6,EFP,Familiar,4,0,44,QGS,0,0,0,0,0,S,9,0,9,2467,0.8801284,2803
e7,QGS,Familiar,3,1,44,QGS,0,0,1,0,1,D,9,9,0,2509,0.8951124,2803
e8,US,Familiar,4,0,44,QGS,0,0,0,0,1,D,8,8,0,2510,0.8954691,2803
e7,QGS,Familiar,3,0,44,QGS,0,0,0,0,1,D,3,3,0,2525,0.9008205,2803
e7,QGS,Familiar,2,0,44,QGS,0,0,0,0,1,D,2,2,0,2555,0.9115234,2803
38,QGS,Familiar,1,5,,,0,0,3,2,0.3902439,s,246,95.9999994,150.0000006,2557,0.9122369,2803
28,US,Familiar,2,1,38,QGS,0,0,1,0,0.6363636,d,44,27.9999984,16.0000016,2601,0.9279344,2803
27,US,Familiar,3,0,38,QGS,0,0,0,0,0.6363636,d,44,27.9999984,16.0000016,2601,0.9279344,2803
e7,QGS,Familiar,2,0,38,QGS,0,0,0,0,1,D,63,63,0,2736,0.9760970,2803
e8,US,Familiar,2,0,38,QGS,0,0,0,0,1,D,52,52,0,2747,0.9800214,2803
e7,QGS,Familiar,2,0,38,QGS,0,0,0,0,1,D,4,4,0,2799,0.9985730,2803
26,US,Familiar,1,8,,,0,0,6,2,0.7729592,d,392,303.0000064,88.9999936,265,0.0969276,2734
27,US,Familiar,2,0,26,US,0,0,0,0,1,D,13,13,0,278,0.1016825,2734
26,US,Familiar,2,4,26,US,0,0,4,0,0.8471616,D,229,194.0000064,34.9999936,291,0.1064375,2734
27,US,Familiar,3,0,26,US,0,0,0,0,1,D,29,29,0,291,0.1064375,2734
e8,US,Familiar,3,0,26,US,0,0,0,0,1,D,57,57,0,320,0.1170446,2734
26,US,Familiar,3,0,26,US,0,0,0,0,1,D,31,31,0,377,0.1378932,2734
e8,US,Familiar,3,0,26,US,0,0,0,0,1,D,72,72,0,408,0.1492319,2734
e6,QGS,Familiar,2,0,26,US,0,0,0,0,0,S,32,0,32,520,0.1901975,2734
35,QGS,Familiar,2,0,26,US,0,0,0,0,0.75,d,88,66,22,552,0.2019020,2734
6,EFP,Familiar,1,0,,,0,0,0,0,0.0217391,S,92,1.9999972,90.0000028,703,0.2571324,2734
38,QGS,Familiar,1,4,,,0,2,0,2,0.2191358,s,324,70.9999992,253.0000008,836,0.3057791,2734
17,EFP,Familiar,2,0,38,QGS,0,0,0,0,0.08,S,25,2,23,871,0.3185808,2734
35,QGS,Familiar,2,1,38,QGS,0,1,0,0,0,S,53,0,53,896,0.3277249,2734
17,EFP,Familiar,3,0,38,QGS,0,0,0,0,0,S,37,0,37,912,0.3335772,2734
44,QGS,Familiar,2,0,38,QGS,0,0,0,0,0.9666667,D,30,29.000001,0.999998999999999,1130,0.4133138,2734
26,US,Familiar,1,3,,,0,2,1,0,0.5845481,s/d,686,400.9999966,285.0000034,1262,0.4615947,2734
26,US,Familiar,2,2,26,US,0,2,0,0,1,D,42,42,0,1276,0.4667154,2734
e5,EFP,Familiar,3,0,26,US,0,0,0,0,1,D,27,27,0,1276,0.4667154,2734
17,EFP,Familiar,3,0,26,US,0,0,0,0,1,D,15,15,0,1303,0.4765911,2734
27,US,Familiar,1,0,,,0,0,0,0,1,D,6,6,0,2216,0.8105340,2734
6,EFP,Familiar,1,1,,,0,1,0,0,0,S,25,0,25,2222,0.8127286,2734
17,EFP,Familiar,2,0,6,EFP,0,0,0,0,0,S,21,0,21,2226,0.8141917,2734
27,US,Familiar,1,0,,,0,0,0,0,1,D,40,40,0,2247,0.8218727,2734
27,US,Familiar,1,0,,,0,0,0,0,1,D,9,9,0,2345,0.8577176,2734
17,EFP,Familiar,1,0,,,0,0,0,0,0.1481481,S,27,3.9999987,23.0000013,2354,0.8610095,2734
27,US,Familiar,1,0,,,0,0,0,0,1,D,12,12,0,2467,0.9023409,2734
31,US,Familiar,1,0,,,0,0,0,0,1,D,255,255,0,2479,0.9067301,2734
e8,US,Familiar,1,0,,,0,0,0,0,0.9259259,D,27,24.9999993,2.0000007,68,0.0207065,3284
34,QGS,Familiar,1,0,,,0,0,0,0,1,D,181,181,0,168,0.0511571,3284
34,QGS,Familiar,1,2,,,0,0,0,2,1,D,338,338,0,349,0.1062728,3284
34,QGS,Familiar,2,0,34,QGS,0,0,0,0,1,D,152,152,0,413,0.1257613,3284
34,QGS,Familiar,2,0,34,QGS,0,0,0,0,1,D,122,122,0,565,0.1720463,3284
e8,US,Familiar,1,64,,,1,40,12,11,0.5335389,s/d,2597,1385.6005233,1211.3994767,687,0.2091961,3284
34,QGS,Familiar,2,9,e8,US,0,1,5,3,0.9620253,D,711,683.9999883,27.0000117000001,687,0.2091961,3284
34,QGS,Familiar,3,0,e8,US,0,0,0,0,1,D,17,17,0,857,0.2609622,3284
34,QGS,Familiar,3,0,e8,US,0,0,0,0,1,D,60,60,0,874,0.2661389,3284
34,QGS,Familiar,3,6,e8,US,0,1,5,0,0.9221184,D,321,296.0000064,24.9999936,974,0.2965895,3284
e8,US,Familiar,4,0,e8,US,0,0,0,0,1,D,5,5,0,1145,0.3486602,3284
e8,US,Familiar,4,2,e8,US,0,1,1,0,0.3421053,s,38,13.0000014,24.9999986,1162,0.3538368,3284
26,US,Familiar,5,1,e8,US,0,1,0,0,0,S,15,0,15,1185,0.3608404,3284
12,EFP,Familiar,6,0,e8,US,0,0,0,0,0,S,15,0,15,1185,0.3608404,3284
e8,US,Familiar,4,0,e8,US,0,0,0,0,1,D,14,14,0,1214,0.3696711,3284
e8,US,Familiar,4,0,e8,US,0,0,0,0,1,D,16,16,0,1239,0.3772838,3284
23,US,Familiar,2,51,e8,US,1,39,6,5,0.2869198,s,1659,475.9999482,1183.0000518,1398,0.4257004,3284
34,QGS,Familiar,3,37,e8,US,1,31,4,1,0.0512104,S,1074,54.9999696,1019.0000304,1398,0.4257004,3284
17,EFP,Familiar,4,0,e8,US,0,0,0,0,0.3539823,s,113,39.9999999,73.0000001,1398,0.4257004,3284
e8,US,Familiar,4,0,e8,US,0,0,0,0,1,D,5,5,0,1511,0.4601096,3284
17,EFP,Familiar,4,0,e8,US,0,0,0,0,0,S,106,0,106,1527,0.4649817,3284
17,EFP,Familiar,4,0,e8,US,0,0,0,0,0,S,46,0,46,1633,0.4972594,3284
23,US,Familiar,4,1,e8,US,0,1,0,0,0,S,20,0,20,1679,0.5112667,3284
17,EFP,Familiar,5,0,e8,US,0,0,0,0,0,S,20,0,20,1679,0.5112667,3284
6,EFP,Familiar,4,1,e8,US,0,1,0,0,0,S,61,0,61,1699,0.5173569,3284
6,EFP,Familiar,5,0,e8,US,0,0,0,0,0,S,14,0,14,1746,0.5316687,3284
5,FFP,Familiar,4,1,e8,US,0,1,0,0,0,S,16,0,16,1760,0.5359318,3284
17,EFP,Familiar,5,0,e8,US,0,0,0,0,0,S,5,0,5,1771,0.5392814,3284
12,EFP,Familiar,4,0,e8,US,0,0,0,0,0,S,10,0,10,1776,0.5408039,3284
12,EFP,Familiar,4,0,e8,US,0,0,0,0,0,S,10,0,10,1786,0.5438490,3284
17,EFP,Familiar,4,0,e8,US,0,0,0,0,0,S,22,0,22,1796,0.5468940,3284
12,EFP,Familiar,4,0,e8,US,0,0,0,0,0,S,2,0,2,1818,0.5535932,3284
17,EFP,Familiar,4,4,e8,US,0,4,0,0,0,S,107,0,107,1820,0.5542022,3284
12,EFP,Familiar,5,0,e8,US,0,0,0,0,0,S,8,0,8,1845,0.5618149,3284
17,EFP,Familiar,5,0,e8,US,0,0,0,0,0,S,4,0,4,1853,0.5642509,3284
17,EFP,Familiar,5,0,e8,US,0,0,0,0,0,S,17,0,17,1857,0.5654689,3284
17,EFP,Familiar,5,0,e8,US,0,0,0,0,0,S,34,0,34,1874,0.5706456,3284
17,EFP,Familiar,4,0,e8,US,0,0,0,0,0,S,14,0,14,1927,0.5867844,3284
17,EFP,Familiar,4,0,e8,US,0,0,0,0,0,S,10,0,10,1941,0.5910475,3284
25,US,Familiar,4,15,e8,US,0,13,1,1,0,S,521,0,521,1951,0.5940926,3284
17,EFP,Familiar,5,0,e8,US,0,0,0,0,0,S,32,0,32,1951,0.5940926,3284
17,EFP,Familiar,5,1,e8,US,0,1,0,0,0,S,19,0,19,1983,0.6038368,3284
12,EFP,Familiar,6,0,e8,US,0,0,0,0,0,S,6,0,6,1996,0.6077954,3284
7,EFP,Familiar,5,1,e8,US,0,1,0,0,0,S,26,0,26,2002,0.6096224,3284
17,EFP,Familiar,6,0,e8,US,0,0,0,0,0,S,5,0,5,2016,0.6138855,3284
6,EFP,Familiar,5,0,e8,US,0,0,0,0,0,S,26,0,26,2028,0.6175396,3284
17,EFP,Familiar,5,0,e8,US,0,0,0,0,0,S,18,0,18,2054,0.6254568,3284
34,QGS,Familiar,5,7,e8,US,0,6,1,0,0,S,400,0,400,2072,0.6309379,3284
17,EFP,Familiar,6,0,e8,US,0,0,0,0,0,S,12,0,12,2117,0.6446407,3284
12,EFP,Familiar,6,0,e8,US,0,0,0,0,0,S,38,0,38,2129,0.6482948,3284
17,EFP,Familiar,6,0,e8,US,0,0,0,0,0,S,9,0,9,2167,0.6598660,3284
17,EFP,Familiar,6,2,e8,US,0,1,1,0,0,S,51,0,51,2176,0.6626066,3284
25,US,Familiar,7,1,e8,US,0,1,0,0,0,S,23,0,23,2187,0.6659562,3284
17,EFP,Familiar,8,0,e8,US,0,0,0,0,0,S,14,0,14,2196,0.6686967,3284
17,EFP,Familiar,6,0,e8,US,0,0,0,0,0,S,245,0,245,2227,0.6781364,3284
34,QGS,Familiar,3,12,e8,US,0,8,2,2,0.7196581,d,585,420.9999885,164.0000115,2472,0.7527406,3284
23,US,Familiar,4,0,e8,US,0,0,0,0,1,D,33,33,0,2474,0.7533496,3284
34,QGS,Familiar,4,10,e8,US,0,8,1,1,0.5591398,s/d,372,208.0000056,163.9999944,2685,0.8176005,3284
17,EFP,Familiar,5,0,e8,US,0,0,0,0,0,S,11,0,11,2703,0.8230816,3284
17,EFP,Familiar,5,0,e8,US,0,0,0,0,0,S,19,0,19,2714,0.8264312,3284
12,EFP,Familiar,5,0,e8,US,0,0,0,0,0,S,7,0,7,2733,0.8322168,3284
12,EFP,Familiar,5,0,e8,US,0,0,0,0,0,S,25,0,25,2740,0.8343484,3284
17,EFP,Familiar,5,4,e8,US,0,3,1,0,0,S,70,0,70,2777,0.8456151,3284
e5,EFP,Familiar,6,3,e8,US,0,2,1,0,0,S,70,0,70,2777,0.8456151,3284
21,US,Familiar,7,0,e8,US,0,0,0,0,0,S,14,0,14,2777,0.8456151,3284
12,EFP,Familiar,7,0,e8,US,0,0,0,0,0,S,9,0,9,2791,0.8498782,3284
6,EFP,Familiar,7,0,e8,US,0,0,0,0,0,S,20,0,20,2800,0.8526188,3284
42,QGS,Familiar,5,0,e8,US,0,0,0,0,0.6470588,d,51,32.9999988,18.0000012,2847,0.8669306,3284
43,QGS,Familiar,2,1,e8,US,0,0,0,1,1,D,227,227,0,3057,0.9308770,3284
34,QGS,Familiar,3,0,e8,US,0,0,0,0,1,D,205,205,0,3057,0.9308770,3284
25,US,Unfamiliar,1,0,,,0,0,0,0,1,D,49,49,0,25,0.0108601,2302
3,FFP,Unfamiliar,1,25,,,6,14,5,0,0.4192635,s/d,418,175.252143,242.747857,98,0.0425717,2302
1,FFP,Unfamiliar,2,0,3,FFP,0,0,0,0,1,D,8,8,0,158,0.0686360,2302
27,US,Unfamiliar,2,3,3,FFP,0,3,0,0,0.4897959,s/d,49,23.9999991,25.0000009,166,0.0721112,2302
7,EFP,Unfamiliar,3,0,3,FFP,0,0,0,0,1,D,6,6,0,180,0.0781929,2302
6,EFP,Unfamiliar,3,0,3,FFP,0,0,0,0,0.1481481,S,27,3.9999987,23.0000013,186,0.0807993,2302
8,EFP,Unfamiliar,3,0,3,FFP,0,0,0,0,0,S,2,0,2,213,0.0925282,2302
5,FFP,Unfamiliar,2,9,3,FFP,1,8,0,0,0,S,125,0,125,215,0.0933970,2302
6,EFP,Unfamiliar,3,0,3,FFP,0,0,0,0,0,S,54,0,54,215,0.0933970,2302
17,EFP,Unfamiliar,3,0,3,FFP,0,0,0,0,0,S,2,0,2,269,0.1168549,2302
5,FFP,Unfamiliar,3,5,3,FFP,0,5,0,0,0,S,58,0,58,271,0.1177237,2302
17,EFP,Unfamiliar,4,0,3,FFP,0,0,0,0,0,S,25,0,25,271,0.1177237,2302
6,EFP,Unfamiliar,4,1,3,FFP,0,1,0,0,0,S,8,0,8,296,0.1285838,2302
17,EFP,Unfamiliar,5,0,3,FFP,0,0,0,0,0,S,8,0,8,296,0.1285838,2302
17,EFP,Unfamiliar,4,0,3,FFP,0,0,0,0,0,S,10,0,10,304,0.1320591,2302
17,EFP,Unfamiliar,4,0,3,FFP,0,0,0,0,0,S,15,0,15,314,0.1364031,2302
17,EFP,Unfamiliar,3,0,3,FFP,0,0,0,0,0,S,11,0,11,329,0.1429192,2302
3,FFP,Unfamiliar,2,9,3,FFP,2,3,4,0,0.6875,d,176,121,55,340,0.1476977,2302
1,FFP,Unfamiliar,3,3,3,FFP,0,1,2,0,1,D,32,32,0,340,0.1476977,2302
27,US,Unfamiliar,4,0,3,FFP,0,0,0,0,1,D,12,12,0,344,0.1494353,2302
8,EFP,Unfamiliar,4,0,3,FFP,0,0,0,0,1,D,16,16,0,356,0.1546481,2302
27,US,Unfamiliar,4,0,3,FFP,0,0,0,0,1,D,11,11,0,361,0.1568202,2302
5,FFP,Unfamiliar,3,0,3,FFP,0,0,0,0,0,S,21,0,21,372,0.1615986,2302
27,US,Unfamiliar,3,0,3,FFP,0,0,0,0,0.7674419,d,43,33.0000017,9.9999983,393,0.1707211,2302
8,EFP,Unfamiliar,3,0,3,FFP,0,0,0,0,0,S,9,0,9,436,0.1894005,2302
14,EFP,Unfamiliar,3,1,3,FFP,0,0,1,0,0.7887324,d,71,56.0000004,14.9999996,445,0.1933102,2302
31,US,Unfamiliar,4,0,3,FFP,0,0,0,0,0.875,D,64,56,8,452,0.1963510,2302
38,QGS,Unfamiliar,1,14,,,4,4,2,4,0.1801471,S,544,98.0000224,445.9999776,516,0.2241529,2302
4,FFP,Unfamiliar,2,2,38,QGS,1,1,0,0,0,S,82,0,82,536,0.2328410,2302
17,EFP,Unfamiliar,3,0,38,QGS,0,0,0,0,0,S,20,0,20,540,0.2345786,2302
5,FFP,Unfamiliar,3,0,38,QGS,0,0,0,0,0,S,58,0,58,560,0.2432667,2302
17,EFP,Unfamiliar,2,0,38,QGS,0,0,0,0,0,S,23,0,23,656,0.2849696,2302
38,QGS,Unfamiliar,2,0,38,QGS,0,0,0,0,0,S,20,0,20,679,0.2949609,2302
39,QGS,Unfamiliar,2,8,38,QGS,2,2,2,2,0.2714681,s,361,97.9999841,263.0000159,699,0.3036490,2302
4,FFP,Unfamiliar,3,0,38,QGS,0,0,0,0,0,S,19,0,19,725,0.3149435,2302
42,QGS,Unfamiliar,3,0,38,QGS,0,0,0,0,1,D,15,15,0,824,0.3579496,2302
3,FFP,Unfamiliar,3,2,38,QGS,0,2,0,0,0,S,17,0,17,932,0.4048653,2302
17,EFP,Unfamiliar,4,0,38,QGS,0,0,0,0,0,S,10,0,10,932,0.4048653,2302
6,EFP,Unfamiliar,4,0,38,QGS,0,0,0,0,0,S,7,0,7,942,0.4092094,2302
42,QGS,Unfamiliar,3,0,38,QGS,0,0,0,0,1,D,13,13,0,952,0.4135534,2302
e8,US,Unfamiliar,3,1,38,QGS,0,0,1,0,0.7368421,d,95,69.9999995,25.0000005,965,0.4192007,2302
27,US,Unfamiliar,4,0,38,QGS,0,0,0,0,1,D,16,16,0,965,0.4192007,2302
28,US,Unfamiliar,1,14,,,1,8,1,4,0.1122449,S,490,55.000001,434.999999,1060,0.4604692,2302
38,QGS,Unfamiliar,2,0,28,US,0,0,0,0,0,S,30,0,30,1060,0.4604692,2302
40,QGS,Unfamiliar,2,0,28,US,0,0,0,0,0,S,68,0,68,1090,0.4735013,2302
40,QGS,Unfamiliar,2,11,28,US,1,8,1,1,0.1527778,S,360,55.000008,304.999992,1190,0.5169418,2302
17,EFP,Unfamiliar,3,0,28,US,0,0,0,0,0,S,17,0,17,1190,0.5169418,2302
4,FFP,Unfamiliar,3,7,28,US,0,7,0,0,0,S,101,0,101,1207,0.5243267,2302
17,EFP,Unfamiliar,4,0,28,US,0,0,0,0,0,S,9,0,9,1207,0.5243267,2302
6,EFP,Unfamiliar,4,0,28,US,0,0,0,0,0,S,48,0,48,1216,0.5282363,2302
e5,EFP,Unfamiliar,4,1,28,US,0,1,0,0,0,S,9,0,9,1264,0.5490877,2302
17,EFP,Unfamiliar,5,0,28,US,0,0,0,0,0,S,9,0,9,1264,0.5490877,2302
6,EFP,Unfamiliar,4,0,28,US,0,0,0,0,0,S,10,0,10,1273,0.5529974,2302
12,EFP,Unfamiliar,4,0,28,US,0,0,0,0,0,S,12,0,12,1283,0.5573414,2302
12,EFP,Unfamiliar,4,0,28,US,0,0,0,0,0,S,13,0,13,1295,0.5625543,2302
27,US,Unfamiliar,3,0,28,US,0,0,0,0,0.8823529,D,17,14.9999993,2.0000007,1333,0.5790617,2302
42,QGS,Unfamiliar,3,0,28,US,0,0,0,0,0.2331288,s,163,37.9999944,125.0000056,1387,0.6025195,2302
38,QGS,Unfamiliar,1,4,,,0,1,1,2,0.0639098,S,266,17.0000068,248.9999932,1608,0.6985230,2302
17,EFP,Unfamiliar,2,0,38,QGS,0,0,0,0,0,S,30,0,30,1608,0.6985230,2302
e8,US,Unfamiliar,2,0,38,QGS,0,0,0,0,0,S,12,0,12,1779,0.7728063,2302
44,QGS,Unfamiliar,2,0,38,QGS,0,0,0,0,0.7777778,d,9,7.0000002,1.9999998,1842,0.8001738,2302
44,QGS,Unfamiliar,2,0,38,QGS,0,0,0,0,0.7692308,d,13,10.0000004,2.9999996,1861,0.8084275,2302
38,QGS,Unfamiliar,1,3,,,0,2,0,1,0.1967655,s,371,73.0000005,297.9999995,1874,0.8140747,2302
17,EFP,Unfamiliar,2,0,38,QGS,0,0,0,0,0.7647059,d,17,13.0000003,3.9999997,1878,0.8158123,2302
e5,EFP,Unfamiliar,2,0,38,QGS,0,0,0,0,0,S,70,0,70,2121,0.9213727,2302
44,QGS,Unfamiliar,2,0,38,QGS,0,0,0,0,0.7037037,d,54,37.9999998,16.0000002,2191,0.9517811,2302
4,FFP,Unfamiliar,1,2,,,0,2,0,0,0.6049383,d,86,52.0246938,33.9753062,7,0.0018037,3881
6,EFP,Unfamiliar,2,0,4,FFP,0,0,0,0,0,S,18,0,18,17,0.0043803,3881
6,EFP,Unfamiliar,2,0,4,FFP,0,0,0,0,0,S,8,0,8,35,0.0090183,3881
27,US,Unfamiliar,1,8,,,0,3,1,4,0.761194,d,67,50.999998,16.000002,93,0.0239629,3881
17,EFP,Unfamiliar,2,0,27,US,0,0,0,0,1,D,3,3,0,116,0.0298892,3881
17,EFP,Unfamiliar,2,0,27,US,0,0,0,0,1,D,7,7,0,119,0.0306622,3881
17,EFP,Unfamiliar,2,0,27,US,0,0,0,0,0.2380952,s,21,4.9999992,16.0000008,126,0.0324659,3881
27,US,Unfamiliar,2,0,27,US,0,0,0,0,1,D,13,13,0,147,0.0378768,3881
34,QGS,Unfamiliar,2,3,27,US,0,0,0,3,1,D,73,73,0,160,0.0412265,3881
34,QGS,Unfamiliar,3,0,27,US,0,0,0,0,1,D,41,41,0,160,0.0412265,3881
42,QGS,Unfamiliar,3,0,27,US,0,0,0,0,1,D,14,14,0,201,0.0517908,3881
42,QGS,Unfamiliar,3,0,27,US,0,0,0,0,1,D,18,18,0,215,0.0553981,3881
38,QGS,Unfamiliar,1,3,,,0,1,0,2,1,D,211,211,0,281,0.0724040,3881
34,QGS,Unfamiliar,2,1,38,QGS,0,1,0,0,1,D,98,98,0,281,0.0724040,3881
17,EFP,Unfamiliar,3,0,38,QGS,0,0,0,0,1,D,22,22,0,281,0.0724040,3881
42,QGS,Unfamiliar,2,0,38,QGS,0,0,0,0,1,D,3,3,0,461,0.1187838,3881
38,QGS,Unfamiliar,1,28,,,3,18,1,6,0.3459038,s,806,278.7984628,527.2015372,492,0.1267715,3881
38,QGS,Unfamiliar,2,15,38,QGS,2,10,1,2,0.4187643,s/d,437,182.9999991,254.0000009,518,0.1334708,3881
17,EFP,Unfamiliar,3,2,38,QGS,0,2,0,0,0.71875,d,32,23,9,518,0.1334708,3881
e4,EFP,Unfamiliar,4,1,38,QGS,0,1,0,0,1,D,11,11,0,539,0.1388817,3881
e5,EFP,Unfamiliar,5,0,38,QGS,0,0,0,0,1,D,11,11,0,539,0.1388817,3881
e5,EFP,Unfamiliar,3,1,38,QGS,0,1,0,0,0.1666667,S,12,2.0000004,9.9999996,550,0.1417161,3881
17,EFP,Unfamiliar,4,0,38,QGS,0,0,0,0,0.1666667,S,12,2.0000004,9.9999996,550,0.1417161,3881
8,EFP,Unfamiliar,3,0,38,QGS,0,0,0,0,0,S,8,0,8,562,0.1448080,3881
4,FFP,Unfamiliar,3,3,38,QGS,1,2,0,0,0,S,122,0,122,570,0.1468694,3881
17,EFP,Unfamiliar,4,0,38,QGS,0,0,0,0,0,S,30,0,30,581,0.1497037,3881
6,EFP,Unfamiliar,4,1,38,QGS,1,0,0,0,0,S,81,0,81,611,0.1574337,3881
5,FFP,Unfamiliar,5,0,38,QGS,0,0,0,0,0,S,51,0,51,641,0.1651636,3881
38,QGS,Unfamiliar,3,4,38,QGS,0,2,1,1,0.6196078,d,255,157.999989,97.000011,700,0.1803659,3881
34,QGS,Unfamiliar,4,3,38,QGS,0,2,1,0,0.9513889,D,144,137.0000016,6.99999840000001,721,0.1857769,3881
17,EFP,Unfamiliar,5,0,38,QGS,0,0,0,0,1,D,4,4,0,801,0.2063901,3881
17,EFP,Unfamiliar,5,0,38,QGS,0,0,0,0,1,D,11,11,0,805,0.2074208,3881
30,US,Unfamiliar,5,0,38,QGS,0,0,0,0,1,D,49,49,0,816,0.2102551,3881
38,QGS,Unfamiliar,2,6,38,QGS,1,5,0,0,0,S,95,0,95,955,0.2460706,3881
5,FFP,Unfamiliar,3,1,38,QGS,0,1,0,0,0,S,57,0,57,955,0.2460706,3881
6,EFP,Unfamiliar,4,0,38,QGS,0,0,0,0,0,S,29,0,29,983,0.2532852,3881
17,EFP,Unfamiliar,3,0,38,QGS,0,0,0,0,0,S,4,0,4,1012,0.2607575,3881
17,EFP,Unfamiliar,3,0,38,QGS,0,0,0,0,0,S,10,0,10,1016,0.2617882,3881
6,EFP,Unfamiliar,3,0,38,QGS,0,0,0,0,0,S,7,0,7,1026,0.2643649,3881
17,EFP,Unfamiliar,3,0,38,QGS,0,0,0,0,0,S,17,0,17,1033,0.2661685,3881
43,QGS,Unfamiliar,2,0,38,QGS,0,0,0,0,0,S,45,0,45,1050,0.2705488,3881
15,EFP,Unfamiliar,2,2,38,QGS,0,2,0,0,0,S,24,0,24,1095,0.2821438,3881
12,EFP,Unfamiliar,3,0,38,QGS,0,0,0,0,0,S,9,0,9,1101,0.2836898,3881
12,EFP,Unfamiliar,3,0,38,QGS,0,0,0,0,0,S,9,0,9,1110,0.2860088,3881
42,QGS,Unfamiliar,2,0,38,QGS,0,0,0,0,0.9661017,D,96,92.7457632,3.2542368,1202,0.3097140,3881
44,QGS,Unfamiliar,1,0,,,0,0,0,0,1,D,149,149,0,1298,0.3344499,3881
38,QGS,Unfamiliar,1,0,,,0,0,0,0,1,D,121,121,0,1447,0.3728421,3881
e5,EFP,Unfamiliar,1,1,,,0,1,0,0,0,S,4,0,4,1765,0.4547797,3881
17,EFP,Unfamiliar,2,0,e5,EFP,0,0,0,0,0,S,4,0,4,1765,0.4547797,3881
15,EFP,Unfamiliar,1,0,,,0,0,0,0,0,S,36,0,36,1889,0.4867302,3881
17,EFP,Unfamiliar,1,0,,,0,0,0,0,0,S,4,0,4,1925,0.4960062,3881
17,EFP,Unfamiliar,1,0,,,0,0,0,0,0,S,5,0,5,1929,0.4970368,3881
38,QGS,Unfamiliar,1,12,,,1,2,4,5,0.6424242,d,990,635.999958,354.000042,2024,0.5215151,3881
42,QGS,Unfamiliar,2,0,38,QGS,0,0,0,0,1,D,33,33,0,2097,0.5403247,3881
e8,US,Unfamiliar,2,0,38,QGS,0,0,0,0,1,D,26,26,0,2130,0.5488276,3881
17,EFP,Unfamiliar,2,0,38,QGS,0,0,0,0,1,D,47,47,0,2177,0.5609379,3881
38,QGS,Unfamiliar,2,8,38,QGS,1,1,3,3,0.5873418,s/d,790,464.000022,325.999978,2224,0.5730482,3881
42,QGS,Unfamiliar,3,0,38,QGS,0,0,0,0,1,D,14,14,0,2317,0.5970111,3881
4,FFP,Unfamiliar,3,1,38,QGS,0,1,0,0,0,S,7,0,7,2380,0.6132440,3881
17,EFP,Unfamiliar,4,0,38,QGS,0,0,0,0,0,S,7,0,7,2380,0.6132440,3881
42,QGS,Unfamiliar,3,0,38,QGS,0,0,0,0,1,D,23,23,0,2451,0.6315383,3881
e8,US,Unfamiliar,3,0,38,QGS,0,0,0,0,0.6478873,d,71,45.9999983,25.0000017,2474,0.6374646,3881
e8,US,Unfamiliar,3,0,38,QGS,0,0,0,0,1,D,80,80,0,2680,0.6905437,3881
44,QGS,Unfamiliar,3,0,38,QGS,0,0,0,0,0.9,D,10,9,1,2760,0.7111569,3881
e8,US,Unfamiliar,3,0,38,QGS,0,0,0,0,0.0909091,S,11,1.0000001,9.9999999,2953,0.7608864,3881
42,QGS,Unfamiliar,1,0,,,0,0,0,0,1,D,192,192,0,3014,0.7766040,3881
43,QGS,Unfamiliar,1,20,,,0,8,8,4,0.6118519,d,675,413.0000325,261.9999675,3206,0.8260758,3881
38,QGS,Unfamiliar,2,0,43,QGS,0,0,0,0,0.490566,s/d,53,25.999998,27.000002,3206,0.8260758,3881
26,US,Unfamiliar,2,1,43,QGS,0,1,0,0,0,S,3,0,3,3315,0.8541613,3881
12,EFP,Unfamiliar,3,0,43,QGS,0,0,0,0,0,S,3,0,3,3315,0.8541613,3881
e8,US,Unfamiliar,2,6,43,QGS,0,3,2,1,0.7584541,d,207,156.9999987,50.0000013,3389,0.8732285,3881
38,QGS,Unfamiliar,3,1,43,QGS,0,1,0,0,0.7291667,d,48,35.0000016,12.9999984,3395,0.8747745,3881
12,EFP,Unfamiliar,4,0,43,QGS,0,0,0,0,0,S,13,0,13,3409,0.8783819,3881
26,US,Unfamiliar,3,3,43,QGS,0,2,1,0,0.7794118,d,136,106.0000048,29.9999952,3460,0.8915228,3881
6,EFP,Unfamiliar,4,1,43,QGS,0,1,0,0,0,S,27,0,27,3467,0.8933265,3881
17,EFP,Unfamiliar,5,0,43,QGS,0,0,0,0,0,S,15,0,15,3479,0.8964184,3881
23,US,Unfamiliar,4,0,43,QGS,0,0,0,0,1,D,5,5,0,3547,0.9139397,3881
38,QGS,Unfamiliar,2,9,43,QGS,0,4,4,1,0.4631579,s/d,285,132.0000015,152.9999985,3596,0.9265653,3881
17,EFP,Unfamiliar,3,0,43,QGS,0,0,0,0,0.4255319,s/d,47,19.9999993,27.0000007,3596,0.9265653,3881
42,QGS,Unfamiliar,3,0,43,QGS,0,0,0,0,1,D,8,8,0,3698,0.9528472,3881
e8,US,Unfamiliar,3,3,43,QGS,0,1,2,0,0.4565217,s/d,46,20.9999982,25.0000018,3706,0.9549085,3881
27,US,Unfamiliar,4,0,43,QGS,0,0,0,0,1,D,6,6,0,3706,0.9549085,3881
31,US,Unfamiliar,4,0,43,QGS,0,0,0,0,1,D,12,12,0,3712,0.9564545,3881
17,EFP,Unfamiliar,4,0,43,QGS,0,0,0,0,0.137931,S,29,3.999999,25.000001,3723,0.9592888,3881
17,EFP,Unfamiliar,3,0,43,QGS,0,0,0,0,0,S,9,0,9,3770,0.9713991,3881
17,EFP,Unfamiliar,3,0,43,QGS,0,0,0,0,0,S,8,0,8,3812,0.9822211,3881
e8,US,Unfamiliar,3,0,43,QGS,0,0,0,0,1,D,27,27,0,3854,0.9930430,3881
1,FFP,Unfamiliar,1,55,,,13,21,21,0,0.7219843,d,2802,2023.0000086,778.9999914,43,0.0130382,3298
3,FFP,Unfamiliar,2,54,1,FFP,12,21,21,0,0.7181621,d,2764,1985.0000444,778.9999556,81,0.0245603,3298
1,FFP,Unfamiliar,3,27,1,FFP,9,10,8,0,0.5392912,s/d,1298,699.9999776,598.0000224,138,0.0418435,3298
27,US,Unfamiliar,4,0,1,FFP,0,0,0,0,1,D,148,148,0,138,0.0418435,3298
2,FFP,Unfamiliar,4,0,1,FFP,0,0,0,0,0,S,224,0,224,286,0.0867192,3298
5,FFP,Unfamiliar,4,0,1,FFP,0,0,0,0,0,S,51,0,51,531,0.1610067,3298
31,US,Unfamiliar,4,0,1,FFP,0,0,0,0,0.9830508,D,59,57.9999972,1.0000028,652,0.1976956,3298
3,FFP,Unfamiliar,4,1,1,FFP,0,1,0,0,0.2156863,s,102,22.0000026,79.9999974,711,0.2155852,3298
6,EFP,Unfamiliar,5,0,1,FFP,0,0,0,0,0.125,S,64,8,56,749,0.2271073,3298
5,FFP,Unfamiliar,4,1,1,FFP,0,1,0,0,0,S,102,0,102,813,0.2465130,3298
6,EFP,Unfamiliar,5,0,1,FFP,0,0,0,0,0,S,102,0,102,813,0.2465130,3298
5,FFP,Unfamiliar,4,1,1,FFP,0,1,0,0,0,S,11,0,11,915,0.2774409,3298
6,EFP,Unfamiliar,5,0,1,FFP,0,0,0,0,0,S,11,0,11,915,0.2774409,3298
5,FFP,Unfamiliar,4,1,1,FFP,0,1,0,0,0,S,38,0,38,926,0.2807762,3298
6,EFP,Unfamiliar,5,0,1,FFP,0,0,0,0,0,S,38,0,38,926,0.2807762,3298
27,US,Unfamiliar,4,0,1,FFP,0,0,0,0,1,D,20,20,0,971,0.2944209,3298
7,EFP,Unfamiliar,4,0,1,FFP,0,0,0,0,0,S,8,0,8,991,0.3004851,3298
6,EFP,Unfamiliar,4,0,1,FFP,0,0,0,0,0,S,14,0,14,1000,0.3032141,3298
27,US,Unfamiliar,4,0,1,FFP,0,0,0,0,0.9,D,20,18,2,1014,0.3074591,3298
31,US,Unfamiliar,4,0,1,FFP,0,0,0,0,1,D,35,35,0,1034,0.3135233,3298
5,FFP,Unfamiliar,4,0,1,FFP,0,0,0,0,1,D,33,33,0,1069,0.3241358,3298
3,FFP,Unfamiliar,4,4,1,FFP,0,2,2,0,1,D,252,252,0,1102,0.3341419,3298
27,US,Unfamiliar,5,0,1,FFP,0,0,0,0,1,D,52,52,0,1102,0.3341419,3298
27,US,Unfamiliar,5,2,1,FFP,0,2,0,0,1,D,200,200,0,1154,0.3499090,3298
12,EFP,Unfamiliar,6,0,1,FFP,0,0,0,0,1,D,2,2,0,1183,0.3587022,3298
12,EFP,Unfamiliar,6,0,1,FFP,0,0,0,0,1,D,68,68,0,1225,0.3714372,3298
5,FFP,Unfamiliar,4,0,1,FFP,0,0,0,0,0.8157895,D,38,31.000001,6.999999,1354,0.4105518,3298
27,US,Unfamiliar,4,0,1,FFP,0,0,0,0,0,S,10,0,10,1392,0.4220740,3298
6,EFP,Unfamiliar,4,0,1,FFP,0,0,0,0,0,S,17,0,17,1402,0.4251061,3298
17,EFP,Unfamiliar,4,0,1,FFP,0,0,0,0,0,S,7,0,7,1419,0.4302608,3298
3,FFP,Unfamiliar,3,25,1,FFP,1,11,13,0,0.8715401,D,1409,1228.0000009,180.9999991,1436,0.4354154,3298
14,EFP,Unfamiliar,4,0,1,FFP,0,0,0,0,1,D,25,25,0,1436,0.4354154,3298
31,US,Unfamiliar,4,0,1,FFP,0,0,0,0,1,D,322,322,0,1461,0.4429958,3298
27,US,Unfamiliar,4,0,1,FFP,0,0,0,0,1,D,4,4,0,1783,0.5406307,3298
17,EFP,Unfamiliar,4,0,1,FFP,0,0,0,0,1,D,57,57,0,1787,0.5418435,3298
27,US,Unfamiliar,4,0,1,FFP,0,0,0,0,1,D,10,10,0,1851,0.5612492,3298
17,EFP,Unfamiliar,4,0,1,FFP,0,0,0,0,1,D,130,130,0,1861,0.5642814,3298
27,US,Unfamiliar,4,0,1,FFP,0,0,0,0,1,D,7,7,0,1991,0.6036992,3298
27,US,Unfamiliar,4,0,1,FFP,0,0,0,0,1,D,35,35,0,1998,0.6058217,3298
25,US,Unfamiliar,4,0,1,FFP,0,0,0,0,1,D,83,83,0,2033,0.6164342,3298
17,EFP,Unfamiliar,4,0,1,FFP,0,0,0,0,1,D,55,55,0,2134,0.6470588,3298
29,US,Unfamiliar,4,0,1,FFP,0,0,0,0,1,D,30,30,0,2189,0.6637356,3298
17,EFP,Unfamiliar,4,0,1,FFP,0,0,0,0,1,D,7,7,0,2219,0.6728320,3298
17,EFP,Unfamiliar,4,0,1,FFP,0,0,0,0,1,D,7,7,0,2226,0.6749545,3298
17,EFP,Unfamiliar,4,0,1,FFP,0,0,0,0,1,D,16,16,0,2233,0.6770770,3298
17,EFP,Unfamiliar,4,0,1,FFP,0,0,0,0,1,D,52,52,0,2249,0.6819284,3298
31,US,Unfamiliar,4,2,1,FFP,0,0,2,0,1,D,181,181,0,2301,0.6976956,3298
23,US,Unfamiliar,5,0,1,FFP,0,0,0,0,1,D,46,46,0,2319,0.7031534,3298
31,US,Unfamiliar,5,0,1,FFP,0,0,0,0,1,D,30,30,0,2408,0.7301395,3298
e8,US,Unfamiliar,4,6,1,FFP,1,3,2,0,0.434375,s/d,320,139,181,2525,0.7656155,3298
e8,US,Unfamiliar,5,0,1,FFP,0,0,0,0,0,S,16,0,16,2585,0.7838084,3298
8,EFP,Unfamiliar,5,0,1,FFP,0,0,0,0,0,S,54,0,54,2601,0.7886598,3298
6,EFP,Unfamiliar,5,0,1,FFP,0,0,0,0,0,S,6,0,6,2655,0.8050334,3298
27,US,Unfamiliar,5,0,1,FFP,0,0,0,0,1,D,13,13,0,2661,0.8068526,3298
5,FFP,Unfamiliar,5,0,1,FFP,0,0,0,0,0,S,61,0,61,2674,0.8107944,3298
17,EFP,Unfamiliar,5,0,1,FFP,0,0,0,0,1,D,20,20,0,2735,0.8292905,3298
31,US,Unfamiliar,1,9,,,0,2,6,1,1,D,453,453,0,2845,0.8626440,3298
38,QGS,Unfamiliar,2,0,31,US,0,0,0,0,1,D,6,6,0,2917,0.8844754,3298
31,US,Unfamiliar,2,7,31,US,0,2,5,0,1,D,327,327,0,2971,0.9008490,3298
27,US,Unfamiliar,3,0,31,US,0,0,0,0,1,D,18,18,0,3013,0.9135840,3298
27,US,Unfamiliar,3,0,31,US,0,0,0,0,1,D,10,10,0,3031,0.9190418,3298
25,US,Unfamiliar,3,1,31,US,0,1,0,0,1,D,46,46,0,3041,0.9220740,3298
e5,EFP,Unfamiliar,4,0,31,US,0,0,0,0,1,D,2,2,0,3058,0.9272286,3298
17,EFP,Unfamiliar,3,0,31,US,0,0,0,0,1,D,110,110,0,3117,0.9451183,3298
27,US,Unfamiliar,3,0,31,US,0,0,0,0,1,D,4,4,0,3246,0.9842329,3298
27,US,Unfamiliar,3,0,31,US,0,0,0,0,1,D,39,39,0,3259,0.9881747,3298
e8,US,Unfamiliar,1,23,,,1,8,14,0,0.7740385,d,840,650.19234,189.80766,31,0.0119414,2596
23,US,Unfamiliar,2,22,e8,US,1,8,13,0,0.758665,d,779,591.000035,187.999965,92,0.0354391,2596
31,US,Unfamiliar,3,6,e8,US,0,6,0,0,0.5843373,s/d,332,193.9999836,138.0000164,92,0.0354391,2596
17,EFP,Unfamiliar,4,0,e8,US,0,0,0,0,1,D,41,41,0,138,0.0531587,2596
12,EFP,Unfamiliar,4,0,e8,US,0,0,0,0,0,S,9,0,9,179,0.0689522,2596
17,EFP,Unfamiliar,4,0,e8,US,0,0,0,0,0,S,12,0,12,188,0.0724191,2596
17,EFP,Unfamiliar,4,0,e8,US,0,0,0,0,0.1818182,S,22,4.0000004,17.9999996,257,0.0989985,2596
17,EFP,Unfamiliar,4,0,e8,US,0,0,0,0,0,S,9,0,9,279,0.1074730,2596
17,EFP,Unfamiliar,4,0,e8,US,0,0,0,0,0,S,82,0,82,288,0.1109399,2596
23,US,Unfamiliar,3,14,e8,US,1,2,11,0,0.8694158,D,291,252.9999978,38.0000022,580,0.2234206,2596
27,US,Unfamiliar,4,0,e8,US,0,0,0,0,1,D,10,10,0,608,0.2342065,2596
27,US,Unfamiliar,4,0,e8,US,0,0,0,0,1,D,5,5,0,618,0.2380586,2596
27,US,Unfamiliar,4,0,e8,US,0,0,0,0,1,D,12,12,0,623,0.2399846,2596
27,US,Unfamiliar,4,0,e8,US,0,0,0,0,1,D,9,9,0,635,0.2446071,2596
1,FFP,Unfamiliar,4,4,e8,US,0,2,2,0,0.5,s/d,76,38,38,644,0.2480740,2596
6,EFP,Unfamiliar,5,0,e8,US,0,0,0,0,0,S,9,0,9,653,0.2515408,2596
21,US,Unfamiliar,5,2,e8,US,0,1,1,0,0.5,s/d,58,29,29,662,0.2550077,2596
6,EFP,Unfamiliar,6,0,e8,US,0,0,0,0,0,S,29,0,29,662,0.2550077,2596
27,US,Unfamiliar,6,0,e8,US,0,0,0,0,1,D,14,14,0,691,0.2661787,2596
27,US,Unfamiliar,4,0,e8,US,0,0,0,0,1,D,5,5,0,725,0.2792758,2596
27,US,Unfamiliar,4,0,e8,US,0,0,0,0,1,D,24,24,0,730,0.2812018,2596
27,US,Unfamiliar,4,0,e8,US,0,0,0,0,1,D,1,1,0,823,0.3170262,2596
21,US,Unfamiliar,4,0,e8,US,0,0,0,0,1,D,14,14,0,846,0.3258860,2596
21,US,Unfamiliar,4,0,e8,US,0,0,0,0,1,D,11,11,0,860,0.3312789,2596
4,FFP,Unfamiliar,1,0,,,0,0,0,0,1,D,14,14,0,934,0.3597843,2596
42,QGS,Unfamiliar,1,0,,,0,0,0,0,1,D,10,10,0,1093,0.4210324,2596
43,QGS,Unfamiliar,1,0,,,0,0,0,0,1,D,53,53,0,1117,0.4302773,2596
e8,US,Unfamiliar,1,47,,,1,15,25,6,0.7644757,d,1287,983.8802259,303.1197741,1309,0.5042373,2596
34,QGS,Unfamiliar,2,0,e8,US,0,0,0,0,1,D,20,20,0,1333,0.5134823,2596
27,US,Unfamiliar,2,0,e8,US,0,0,0,0,1,D,38,38,0,1375,0.5296610,2596
6,EFP,Unfamiliar,2,0,e8,US,0,0,0,0,0.125,S,8,1,7,1413,0.5442989,2596
6,EFP,Unfamiliar,2,0,e8,US,0,0,0,0,0,S,4,0,4,1421,0.5473806,2596
27,US,Unfamiliar,2,0,e8,US,0,0,0,0,0,S,16,0,16,1425,0.5489214,2596
34,QGS,Unfamiliar,2,10,e8,US,0,6,3,1,0.1082474,S,194,20.9999956,173.0000044,1441,0.5550847,2596
27,US,Unfamiliar,3,0,e8,US,0,0,0,0,0,S,2,0,2,1441,0.5550847,2596
27,US,Unfamiliar,3,0,e8,US,0,0,0,0,0,S,7,0,7,1443,0.5558552,2596
6,EFP,Unfamiliar,3,0,e8,US,0,0,0,0,0,S,25,0,25,1450,0.5585516,2596
12,EFP,Unfamiliar,3,0,e8,US,0,0,0,0,0,S,14,0,14,1504,0.5793529,2596
17,EFP,Unfamiliar,3,0,e8,US,0,0,0,0,0,S,51,0,51,1518,0.5847458,2596
17,EFP,Unfamiliar,3,0,e8,US,0,0,0,0,0,S,6,0,6,1569,0.6043914,2596
12,EFP,Unfamiliar,3,0,e8,US,0,0,0,0,0,S,21,0,21,1575,0.6067026,2596
17,EFP,Unfamiliar,3,0,e8,US,0,0,0,0,0,S,27,0,27,1596,0.6147920,2596
25,US,Unfamiliar,3,0,e8,US,0,0,0,0,0,S,3,0,3,1623,0.6251926,2596
34,QGS,Unfamiliar,3,0,e8,US,0,0,0,0,0.6666667,d,9,6.0000003,2.9999997,1626,0.6263482,2596
3,FFP,Unfamiliar,2,30,e8,US,0,7,20,3,0.8949011,D,961,859.9999571,101.0000429,1635,0.6298151,2596
6,EFP,Unfamiliar,3,0,e8,US,0,0,0,0,0,S,20,0,20,1670,0.6432974,2596
17,EFP,Unfamiliar,3,0,e8,US,0,0,0,0,0,S,10,0,10,1690,0.6510015,2596
31,US,Unfamiliar,3,1,e8,US,0,1,0,0,0.0612245,S,49,3.0000005,45.9999995,1700,0.6548536,2596
17,EFP,Unfamiliar,4,0,e8,US,0,0,0,0,0,S,7,0,7,1710,0.6587057,2596
27,US,Unfamiliar,3,0,e8,US,0,0,0,0,1,D,8,8,0,1749,0.6737288,2596
27,US,Unfamiliar,3,0,e8,US,0,0,0,0,1,D,5,5,0,1757,0.6768105,2596
27,US,Unfamiliar,3,0,e8,US,0,0,0,0,1,D,33,33,0,1762,0.6787365,2596
27,US,Unfamiliar,3,0,e8,US,0,0,0,0,1,D,4,4,0,1795,0.6914484,2596
27,US,Unfamiliar,3,0,e8,US,0,0,0,0,1,D,12,12,0,1799,0.6929892,2596
23,US,Unfamiliar,3,20,e8,US,0,4,13,3,1,D,769,769,0,1827,0.7037750,2596
27,US,Unfamiliar,4,0,e8,US,0,0,0,0,1,D,1,1,0,1882,0.7249615,2596
27,US,Unfamiliar,4,0,e8,US,0,0,0,0,1,D,12,12,0,1899,0.7315100,2596
e5,EFP,Unfamiliar,4,0,e8,US,0,0,0,0,1,D,7,7,0,1962,0.7557781,2596
34,QGS,Unfamiliar,4,0,e8,US,0,0,0,0,1,D,18,18,0,1969,0.7584746,2596
e5,EFP,Unfamiliar,4,0,e8,US,0,0,0,0,1,D,9,9,0,2010,0.7742681,2596
27,US,Unfamiliar,4,0,e8,US,0,0,0,0,1,D,9,9,0,2019,0.7777350,2596
27,US,Unfamiliar,4,0,e8,US,0,0,0,0,1,D,2,2,0,2061,0.7939137,2596
38,QGS,Unfamiliar,4,0,e8,US,0,0,0,0,1,D,31,31,0,2082,0.8020031,2596
12,EFP,Unfamiliar,4,0,e8,US,0,0,0,0,1,D,43,43,0,2113,0.8139445,2596
27,US,Unfamiliar,4,0,e8,US,0,0,0,0,1,D,11,11,0,2196,0.8459168,2596
38,QGS,Unfamiliar,4,0,e8,US,0,0,0,0,1,D,25,25,0,2207,0.8501541,2596
27,US,Unfamiliar,4,0,e8,US,0,0,0,0,1,D,13,13,0,2274,0.8759630,2596
27,US,Unfamiliar,4,0,e8,US,0,0,0,0,1,D,2,2,0,2287,0.8809707,2596
17,EFP,Unfamiliar,4,0,e8,US,0,0,0,0,1,D,5,5,0,2329,0.8971495,2596
27,US,Unfamiliar,4,0,e8,US,0,0,0,0,1,D,5,5,0,2337,0.9002311,2596
27,US,Unfamiliar,4,0,e8,US,0,0,0,0,1,D,2,2,0,2367,0.9117874,2596
27,US,Unfamiliar,4,0,e8,US,0,0,0,0,1,D,13,13,0,2369,0.9125578,2596
27,US,Unfamiliar,4,0,e8,US,0,0,0,0,1,D,3,3,0,2387,0.9194915,2596
27,US,Unfamiliar,4,0,e8,US,0,0,0,0,1,D,9,9,0,2482,0.9560863,2596
25,US,Unfamiliar,4,0,e8,US,0,0,0,0,1,D,21,21,0,2515,0.9687982,2596